<powerpagecomponent powerpagecomponentid="290ba154-1fc7-438a-8bdf-f410178e36d6">
  <content>{"createdOn":"2023-11-29T21:12:57.580Z","parentpageid":"2a6443c4-2a6c-4e60-b5e1-052e55ed6880","publishingstateid":"02fae408-0b59-4e83-b136-9c1042c8eabc","partialurl":"thumbnail.css","title":"","summary":"","enabletracking":false,"excludefromsearch":false,"hiddenfromsitemap":false,"displayorder":-1}</content>
  <filecontent mimetype="text/css">thumbnail.css</filecontent>
  <iscustomizable>1</iscustomizable>
  <name>thumbnail.css</name>
  <powerpagecomponenttype>3</powerpagecomponenttype>
  <powerpagesiteid>
    <powerpagesiteid>19779ae1-a185-4d9a-b1d3-74aa6f53866a</powerpagesiteid>
  </powerpagesiteid>
  <statecode>0</statecode>
  <statuscode>1</statuscode>
</powerpagecomponent>