<powerpagecomponent powerpagecomponentid="7420612f-6f07-40b1-8292-4f238a14896a">
  <content>{"enablerating":false,"enabletracking":false,"excludefromsearch":false,"feedbackpolicy":756150000,"hiddenfromsitemap":true,"isroot":true,"pagetemplateid":"1fcc5dc1-3415-4084-bd3f-31b220856aec","parentpageid":"2a6443c4-2a6c-4e60-b5e1-052e55ed6880","partialurl":"profile","publishingstateid":"02fae408-0b59-4e83-b136-9c1042c8eabc","sharedpageconfiguration":false,"title":"Perfil"}</content>
  <iscustomizable>1</iscustomizable>
  <name>Perfil</name>
  <powerpagecomponenttype>2</powerpagecomponenttype>
  <powerpagesiteid>
    <powerpagesiteid>19779ae1-a185-4d9a-b1d3-74aa6f53866a</powerpagesiteid>
  </powerpagesiteid>
  <searchcontent>PerfilPerfil</searchcontent>
  <statecode>0</statecode>
  <statuscode>1</statuscode>
</powerpagecomponent>