<powerpagecomponent powerpagecomponentid="df65632d-77ba-c974-ce37-b2dcc371dbfe">
  <content>{
  "displayorder": 3,
  "weblinksetid": "630598dc-08d5-44ca-bee5-7cb2cf257f14",
  "pageid": "07ba4b0c-7fa3-c59f-ce9c-6209c05b1bd6",
  "publishingstateid": "4161d48c-0abf-4171-8c38-f29d0d0e7f14",
  "displaypagevalidation": false,
  "displayimageonly": false,
  "displaypagechildlinks": false,
  "openinnewwindow": false,
  "robotsfollowlink": true
}</content>
  <iscustomizable>1</iscustomizable>
  <name>BDSQL</name>
  <powerpagecomponenttype>5</powerpagecomponenttype>
  <powerpagesiteid>
    <powerpagesiteid>ca28c41b-2827-4acc-a474-8cb2f8593ce4</powerpagesiteid>
  </powerpagesiteid>
  <statecode>0</statecode>
  <statuscode>1</statuscode>
</powerpagecomponent>