<powerpagecomponent powerpagecomponentid="35d34dde-aa88-46a9-ab0c-0000e238f5c9">
  <content>{"adx_webpageaccesscontrolrule_webrole":["e9ccee6a-00d8-4e84-ad9f-a2a07531faf6"],"right":1,"scope":1,"webpageid":"f5d75399-a675-46fc-943f-f38f2306a757"}</content>
  <iscustomizable>1</iscustomizable>
  <name>Conceder cambio a administradores</name>
  <powerpagecomponenttype>10</powerpagecomponenttype>
  <powerpagesiteid>
    <powerpagesiteid>ca28c41b-2827-4acc-a474-8cb2f8593ce4</powerpagesiteid>
  </powerpagesiteid>
  <statecode>0</statecode>
  <statuscode>1</statuscode>
</powerpagecomponent>