<powerpagecomponent powerpagecomponentid="7efcfb4f-9ec7-4eca-a451-356886324be5">
  <content>{
  "description": "",
  "disablepagevalidation": false,
  "displayimageonly": false,
  "displayorder": 2,
  "displaypagechildlinks": false,
  "openinnewwindow": false,
  "pageid": "92cc3162-55cf-4cfb-95fa-fc16d1db58c2",
  "publishingstateid": "4161d48c-0abf-4171-8c38-f29d0d0e7f14",
  "robotsfollowlink": true,
  "weblinksetid": "630598dc-08d5-44ca-bee5-7cb2cf257f14"
}</content>
  <iscustomizable>1</iscustomizable>
  <name>SharePoint</name>
  <powerpagecomponenttype>5</powerpagecomponenttype>
  <powerpagesiteid>
    <powerpagesiteid>ca28c41b-2827-4acc-a474-8cb2f8593ce4</powerpagesiteid>
  </powerpagesiteid>
  <statecode>0</statecode>
  <statuscode>1</statuscode>
</powerpagecomponent>