<powerpagesitelanguages>
  <powerpagesitelanguage powerpagesitelanguageid="0f35dd7c-a509-4f24-802c-16d938adb0cb">
    <content>{"publishingstate":"02fae408-0b59-4e83-b136-9c1042c8eabc","systemlanguage":3082}</content>
    <displayname>español</displayname>
    <iscustomizable>1</iscustomizable>
    <languagecode>es-ES</languagecode>
    <lcid>3082</lcid>
    <name>Spanish (Traditional Sort) - Spain</name>
    <powerpagesiteid>
      <powerpagesiteid>19779ae1-a185-4d9a-b1d3-74aa6f53866a</powerpagesiteid>
    </powerpagesiteid>
    <statecode>0</statecode>
    <statuscode>1</statuscode>
  </powerpagesitelanguage>
  <powerpagesitelanguage powerpagesitelanguageid="8fb0612c-5a13-4dcb-8031-0d8874c88351">
    <content>{"publishingstate":"4161d48c-0abf-4171-8c38-f29d0d0e7f14","systemlanguage":3082}</content>
    <displayname>español</displayname>
    <iscustomizable>1</iscustomizable>
    <languagecode>es-ES</languagecode>
    <lcid>3082</lcid>
    <name>Spanish (Traditional Sort) - Spain</name>
    <powerpagesiteid>
      <powerpagesiteid>ca28c41b-2827-4acc-a474-8cb2f8593ce4</powerpagesiteid>
    </powerpagesiteid>
    <statecode>0</statecode>
    <statuscode>1</statuscode>
  </powerpagesitelanguage>
</powerpagesitelanguages>