<powerpagesites>
  <powerpagesite powerpagesiteid="19779ae1-a185-4d9a-b1d3-74aa6f53866a">
    <content>{"defaultlanguage":"0f35dd7c-a509-4f24-802c-16d938adb0cb","footerwebtemplateid":"9eaeed52-0d5b-4338-8078-b35c5572d4bb","headerwebtemplateid":"a7585f71-9c3d-4479-8fc3-926040e9d816","statecode":0,"statuscode":1,"website_language":3082}</content>
    <datamodelversion>2.0</datamodelversion>
    <iscustomizable>1</iscustomizable>
    <name>NasCrewMask - NasCrewMask</name>
    <primarydomainname>NasCrewMask.powerappsportals.com</primarydomainname>
    <statecode>0</statecode>
    <statuscode>1</statuscode>
  </powerpagesite>
  <powerpagesite powerpagesiteid="ca28c41b-2827-4acc-a474-8cb2f8593ce4">
    <content>{"defaultlanguage":"8fb0612c-5a13-4dcb-8031-0d8874c88351","footerwebtemplateid":"f9dd0f07-68da-4de4-aaf1-f45689662b30","headerwebtemplateid":"352e3212-703d-4d85-ab6b-a7fa112753b2","statecode":0,"statuscode":1,"website_language":3082}</content>
    <datamodelversion>2.0</datamodelversion>
    <iscustomizable>1</iscustomizable>
    <name>NasCrew - NasCrew</name>
    <primarydomainname>NasCrew.powerappsportals.com</primarydomainname>
    <statecode>0</statecode>
    <statuscode>1</statuscode>
  </powerpagesite>
</powerpagesites>