<powerpagecomponent powerpagecomponentid="316ca1ce-5a66-d3b7-19e1-904971b0045a">
  <content>{"summary":"PURPLE_DESCRIPTION","publishingstateid":"4161d48c-0abf-4171-8c38-f29d0d0e7f14","partialurl":"PURPLE-1.scss","parentpageid":"f5d75399-a675-46fc-943f-f38f2306a757"}</content>
  <filecontent mimetype="application/octet-stream">PURPLE%20(1)</filecontent>
  <iscustomizable>1</iscustomizable>
  <name>PURPLE (1)</name>
  <powerpagecomponenttype>3</powerpagecomponenttype>
  <powerpagesiteid>
    <powerpagesiteid>ca28c41b-2827-4acc-a474-8cb2f8593ce4</powerpagesiteid>
  </powerpagesiteid>
  <statecode>0</statecode>
  <statuscode>1</statuscode>
</powerpagecomponent>