<powerpagecomponent powerpagecomponentid="f1bf7d2f-bf89-5685-3fdc-4e5179105e12">
  <content>{
  "webpageid": "f5d75399-a675-46fc-943f-f38f2306a757",
  "right": 2,
  "scope": 2,
  "adx_webpageaccesscontrolrule_webrole": [
    "e9ccee6a-00d8-4e84-ad9f-a2a07531faf6"
  ]
}</content>
  <iscustomizable>1</iscustomizable>
  <name>Restrict Read on Inicio</name>
  <powerpagecomponenttype>10</powerpagecomponenttype>
  <powerpagesiteid>
    <powerpagesiteid>ca28c41b-2827-4acc-a474-8cb2f8593ce4</powerpagesiteid>
  </powerpagesiteid>
  <statecode>0</statecode>
  <statuscode>1</statuscode>
</powerpagecomponent>