<powerpagecomponent powerpagecomponentid="0ad9826b-1798-47bc-93a0-3aaac618bde5">
  <content>{
  "copy": "&lt;div class=\"row sectionBlockLayout text-left\" style=\"display: flex; flex-wrap: wrap; padding: 8px; margin: 0px; min-height: 361px;\"&gt;\r\n  &lt;div class=\"container\" style=\"display: flex; flex-wrap: wrap;\"&gt;\r\n    &lt;div class=\"col-md-12 columnBlockLayout\" style=\"flex-grow: 1; min-width: 300px; display: flex; flex-direction: column;\"&gt;\r\n      &lt;h1&gt;Páginas&lt;/h1&gt;\r\n      &lt;p&gt;Esta sección puede utilizarse para presentar el contenido de las subpáginas y animar a que su público objetivo las explore. Si este contenido es demasiado largo, considere la posibilidad de dividirlo en dos párrafos más cortos.&lt;/p&gt;\r\n    &lt;/div&gt;\r\n  &lt;/div&gt;\r\n&lt;/div&gt;\r\n&lt;div class=\"row sectionBlockLayout\" style=\"display: flex; flex-wrap: wrap; margin: 0px; text-align: center; min-height: auto; padding: 8px;\"&gt;\r\n  &lt;div class=\"container\" style=\"display: flex; flex-wrap: wrap;\"&gt;\r\n    &lt;div class=\"col-md-6 columnBlockLayout\" style=\"flex-grow: 1; min-width: 300px; display: flex; flex-direction: column; margin-left: 0px; margin-right: 0px;\"&gt;&lt;img src=\"/Copy-number-1.png\" alt=\"Número 1\" name=\"Copy-number-1.png\" style=\"max-width: 47%; width: 100%; height: auto; background-color: #fafafa;\" tabindex=\"0\"&gt;\r\n      &lt;h3 style=\"text-align: left;\"&gt;Elemento destacado 1&lt;/h3&gt;\r\n      &lt;p style=\"text-align: left;\"&gt;Cree una breve descripción o un mensaje interesante con el fin de motivar a su público para que obtenga más información sobre este elemento.&lt;/p&gt;\r\n    &lt;/div&gt;\r\n    &lt;div class=\"col-md-6 columnBlockLayout\" style=\"flex-grow: 1; min-width: 300px; display: flex; flex-direction: column; margin-left: 0px; margin-right: 0px;\"&gt;&lt;img src=\"/Copy-number-2.png\" alt=\"Número 2\" name=\"Copy-number-2.png\" style=\"max-width: 47%; width: 100%; height: auto; background-color: #fafafa;\" tabindex=\"0\"&gt;\r\n      &lt;h3 style=\"text-align: left;\"&gt;Elemento destacado 2&lt;/h3&gt;\r\n      &lt;p style=\"text-align: left;\"&gt;Cree una breve descripción o un mensaje interesante con el fin de motivar a su público para que obtenga más información sobre este elemento.&lt;/p&gt;\r\n    &lt;/div&gt;\r\n  &lt;/div&gt;\r\n&lt;/div&gt;\r\n&lt;div data-component-theme=\"portalThemeColor1\" class=\"row sectionBlockLayout text-left\" style=\"display: flex; flex-wrap: wrap; margin: 0px; min-height: auto; padding: 8px;\"&gt;\r\n  &lt;div class=\"container\" style=\"padding: 0px; display: flex; flex-wrap: wrap;\"&gt;\r\n    &lt;div class=\"col-md-12 columnBlockLayout\" style=\"flex-grow: 1; display: flex; flex-direction: column; min-width: 300px;\"&gt;\r\n      &lt;h1&gt;Presentar otra idea&lt;/h1&gt;\r\n      &lt;p&gt;Esta sección puede utilizarse para ofrecer información complementaria o presentar una nueva idea. Los temas más comunes suelen ser un resumen de la misión de su organización, las personas que la componen o un próximo evento con vínculos para obtener más información&lt;/p&gt;&lt;button class=\"button1\"&gt;Agregue aquí una llamada a la acción&lt;/button&gt;\r\n    &lt;/div&gt;\r\n  &lt;/div&gt;\r\n&lt;/div&gt;",
  "displayorder": 2,
  "enablerating": false,
  "enabletracking": false,
  "excludefromsearch": false,
  "feedbackpolicy": 756150000,
  "hiddenfromsitemap": false,
  "isroot": false,
  "pagetemplateid": "2425c60e-14d4-4377-9053-410888acb392",
  "parentpageid": "f5d75399-a675-46fc-943f-f38f2306a757",
  "partialurl": "SubirArchivos",
  "publishingstateid": "4161d48c-0abf-4171-8c38-f29d0d0e7f14",
  "rootwebpageid": "92cc3162-55cf-4cfb-95fa-fc16d1db58c2",
  "sharedpageconfiguration": true,
  "summary": "&lt;p&gt;Esta es una página de aterrizaje de ejemplo diseñada como punto de partida para su sitio web&lt;/p&gt;",
  "title": "Página"
}</content>
  <iscustomizable>1</iscustomizable>
  <name>SharePoint</name>
  <powerpagecomponenttype>2</powerpagecomponenttype>
  <powerpagesiteid>
    <powerpagesiteid>ca28c41b-2827-4acc-a474-8cb2f8593ce4</powerpagesiteid>
  </powerpagesiteid>
  <powerpagesitelanguageid>
    <powerpagesitelanguageid>8fb0612c-5a13-4dcb-8031-0d8874c88351</powerpagesitelanguageid>
  </powerpagesitelanguageid>
  <searchcontent>Página&lt;div class="row sectionBlockLayout text-left" style="display: flex; flex-wrap: wrap; padding: 8px; margin: 0px; min-height: 361px;"&gt;
  &lt;div class="container" style="display: flex; flex-wrap: wrap;"&gt;
    &lt;div class="col-md-12 columnBlockLayout" style="flex-grow: 1; min-width: 300px; display: flex; flex-direction: column;"&gt;
      &lt;h1&gt;Páginas&lt;/h1&gt;
      &lt;p&gt;Esta sección puede utilizarse para presentar el contenido de las subpáginas y animar a que su público objetivo las explore. Si este contenido es demasiado largo, considere la posibilidad de dividirlo en dos párrafos más cortos.&lt;/p&gt;
    &lt;/div&gt;
  &lt;/div&gt;
&lt;/div&gt;
&lt;div class="row sectionBlockLayout" style="display: flex; flex-wrap: wrap; margin: 0px; text-align: center; min-height: auto; padding: 8px;"&gt;
  &lt;div class="container" style="display: flex; flex-wrap: wrap;"&gt;
    &lt;div class="col-md-6 columnBlockLayout" style="flex-grow: 1; min-width: 300px; display: flex; flex-direction: column; margin-left: 0px; margin-right: 0px;"&gt;&lt;img src="/Copy-number-1.png" alt="Número 1" name="Copy-number-1.png" style="max-width: 47%; width: 100%; height: auto; background-color: #fafafa;" tabindex="0"&gt;
      &lt;h3 style="text-align: left;"&gt;Elemento destacado 1&lt;/h3&gt;
      &lt;p style="text-align: left;"&gt;Cree una breve descripción o un mensaje interesante con el fin de motivar a su público para que obtenga más información sobre este elemento.&lt;/p&gt;
    &lt;/div&gt;
    &lt;div class="col-md-6 columnBlockLayout" style="flex-grow: 1; min-width: 300px; display: flex; flex-direction: column; margin-left: 0px; margin-right: 0px;"&gt;&lt;img src="/Copy-number-2.png" alt="Número 2" name="Copy-number-2.png" style="max-width: 47%; width: 100%; height: auto; background-color: #fafafa;" tabindex="0"&gt;
      &lt;h3 style="text-align: left;"&gt;Elemento destacado 2&lt;/h3&gt;
      &lt;p style="text-align: left;"&gt;Cree una breve descripción o un mensaje interesante con el fin de motivar a su público para que obtenga más información sobre este elemento.&lt;/p&gt;
    &lt;/div&gt;
  &lt;/div&gt;
&lt;/div&gt;
&lt;div data-component-theme="portalThemeColor1" class="row sectionBlockLayout text-left" style="display: flex; flex-wrap: wrap; margin: 0px; min-height: auto; padding: 8px;"&gt;
  &lt;div class="container" style="padding: 0px; display: flex; flex-wrap: wrap;"&gt;
    &lt;div class="col-md-12 columnBlockLayout" style="flex-grow: 1; display: flex; flex-direction: column; min-width: 300px;"&gt;
      &lt;h1&gt;Presentar otra idea&lt;/h1&gt;
      &lt;p&gt;Esta sección puede utilizarse para ofrecer información complementaria o presentar una nueva idea. Los temas más comunes suelen ser un resumen de la misión de su organización, las personas que la componen o un próximo evento con vínculos para obtener más información&lt;/p&gt;&lt;button class="button1"&gt;Agregue aquí una llamada a la acción&lt;/button&gt;
    &lt;/div&gt;
  &lt;/div&gt;
&lt;/div&gt;SharePoint</searchcontent>
  <statecode>0</statecode>
  <statuscode>1</statuscode>
</powerpagecomponent>