<powerpagecomponent powerpagecomponentid="e424d290-8589-87e8-1d47-014e87927b9c">
  <content>{
  "displayorder": 3,
  "customcss": "",
  "customjavascript": "",
  "pagetemplateid": "97b6250d-674a-47d1-912b-63681d5eebf2",
  "parentpageid": "2a6443c4-2a6c-4e60-b5e1-052e55ed6880",
  "partialurl": "Actividades-y-tareas",
  "isroot": true,
  "title": "Actividades y tareas",
  "summary": "&lt;p&gt;Esta es una página de aterrizaje de ejemplo diseñada como punto de partida para su sitio web.&lt;/p&gt;",
  "copy": "",
  "publishingstateid": "02fae408-0b59-4e83-b136-9c1042c8eabc",
  "enablerating": false,
  "enabletracking": false,
  "excludefromsearch": false,
  "hiddenfromsitemap": true,
  "sharedpageconfiguration": false
}</content>
  <iscustomizable>1</iscustomizable>
  <name>Actividades y tareas</name>
  <powerpagecomponenttype>2</powerpagecomponenttype>
  <powerpagesiteid>
    <powerpagesiteid>19779ae1-a185-4d9a-b1d3-74aa6f53866a</powerpagesiteid>
  </powerpagesiteid>
  <searchcontent>Actividades y tareasActividades y tareas</searchcontent>
  <statecode>0</statecode>
  <statuscode>1</statuscode>
</powerpagecomponent>