<powerpagecomponent powerpagecomponentid="b4196cf3-aa0e-4f9b-a97b-d66db0f119ae">
  <content>{
  "description": "",
  "disablepagevalidation": false,
  "displayimageonly": false,
  "displayorder": 1,
  "displaypagechildlinks": false,
  "openinnewwindow": false,
  "pageid": "f5d75399-a675-46fc-943f-f38f2306a757",
  "publishingstateid": "4161d48c-0abf-4171-8c38-f29d0d0e7f14",
  "robotsfollowlink": true,
  "weblinksetid": "630598dc-08d5-44ca-bee5-7cb2cf257f14"
}</content>
  <iscustomizable>1</iscustomizable>
  <name>Inicio</name>
  <powerpagecomponenttype>5</powerpagecomponenttype>
  <powerpagesiteid>
    <powerpagesiteid>ca28c41b-2827-4acc-a474-8cb2f8593ce4</powerpagesiteid>
  </powerpagesiteid>
  <statecode>0</statecode>
  <statuscode>1</statuscode>
</powerpagecomponent>