<powerpagecomponent powerpagecomponentid="bb2da14a-68da-4862-9202-6e6b79588934">
  <content>{"contentdisposition":756150000,"enabletracking":false,"excludefromsearch":false,"hiddenfromsitemap":false,"parentpageid":"2a6443c4-2a6c-4e60-b5e1-052e55ed6880","partialurl":"logo.png.png","publishingstateid":"02fae408-0b59-4e83-b136-9c1042c8eabc"}</content>
  <filecontent mimetype="application/octet-stream">logo.png.png</filecontent>
  <iscustomizable>1</iscustomizable>
  <name>logo.png.png</name>
  <powerpagecomponenttype>3</powerpagecomponenttype>
  <powerpagesiteid>
    <powerpagesiteid>19779ae1-a185-4d9a-b1d3-74aa6f53866a</powerpagesiteid>
  </powerpagesiteid>
  <statecode>0</statecode>
  <statuscode>1</statuscode>
</powerpagecomponent>