<powerpagecomponent powerpagecomponentid="8a086b33-cffb-4206-8ad4-39a0741d2f00">
  <content>{"description":"Si se habilita esta configuración, todas las actividades del cliente se mostrarán en la escala de tiempo del portal.","value":"false"}</content>
  <iscustomizable>1</iscustomizable>
  <name>CustomerSupport/DisplayAllUserActivitiesOnTimeline</name>
  <powerpagecomponenttype>9</powerpagecomponenttype>
  <powerpagesiteid>
    <powerpagesiteid>ca28c41b-2827-4acc-a474-8cb2f8593ce4</powerpagesiteid>
  </powerpagesiteid>
  <statecode>0</statecode>
  <statuscode>1</statuscode>
</powerpagecomponent>