<powerpagecomponent powerpagecomponentid="6ae1c101-17a2-4846-b17f-66716a711fba">
  <content>{"managecontentsnippets":false,"managesitemarkers":false,"manageweblinksets":false,"previewunpublishedentities":true}</content>
  <iscustomizable>1</iscustomizable>
  <name>Permiso de vista previa para el diseño del sitio 005</name>
  <powerpagecomponenttype>12</powerpagecomponenttype>
  <powerpagesiteid>
    <powerpagesiteid>19779ae1-a185-4d9a-b1d3-74aa6f53866a</powerpagesiteid>
  </powerpagesiteid>
  <statecode>0</statecode>
  <statuscode>1</statuscode>
</powerpagecomponent>