<powerpagecomponent powerpagecomponentid="9c6320fb-444e-46ea-b3f3-1ec40a567aa1">
  <content>{
  "lcid": 3082,
  "entityname": "feedback",
  "formname": "Comentarios",
  "mode": 100000000,
  "onsuccess": "756150000",
  "successmessage": "",
  "hideformonsuccess": true,
  "redirectwebpage": null,
  "redirecturl": null,
  "captcharequired": true,
  "showcaptchaforauthenticatedusers": true,
  "entitypermissionsenabled": true,
  "attachfilelabel": "",
  "attachfilemaxsize": null,
  "entitysourcetype": null,
  "recordidquerystringparametername": null
}</content>
  <iscustomizable>1</iscustomizable>
  <name>Comentarios</name>
  <powerpagecomponenttype>15</powerpagecomponenttype>
  <powerpagesiteid>
    <powerpagesiteid>19779ae1-a185-4d9a-b1d3-74aa6f53866a</powerpagesiteid>
  </powerpagesiteid>
  <statecode>0</statecode>
  <statuscode>1</statuscode>
</powerpagecomponent>