<powerpagecomponent powerpagecomponentid="eb6ff7da-ca91-4e98-851f-bb2c3d526f36">
  <content>{"display_name":"Búsqueda/Recuento de resultados","type":756150000,"value":"{{ current_page }} - {{ page_size }} de {{ searchindex.approximate_total_hits }} resultados\r\n"}</content>
  <iscustomizable>1</iscustomizable>
  <name>Search/ResultsCount</name>
  <powerpagecomponenttype>7</powerpagecomponenttype>
  <powerpagesiteid>
    <powerpagesiteid>ca28c41b-2827-4acc-a474-8cb2f8593ce4</powerpagesiteid>
  </powerpagesiteid>
  <powerpagesitelanguageid>
    <powerpagesitelanguageid>8fb0612c-5a13-4dcb-8031-0d8874c88351</powerpagesitelanguageid>
  </powerpagesitelanguageid>
  <statecode>0</statecode>
  <statuscode>1</statuscode>
</powerpagecomponent>