<powerpagecomponent powerpagecomponentid="feaf1c9a-dc73-4f40-9000-8c352f33e014">
  <content>{
  "copy": "&lt;div class=\"row sectionBlockLayout text-start\" style=\"display: flex; flex-wrap: wrap; margin: 0px; min-height: auto; padding: 8px;\"&gt;\n  &lt;div class=\"container\" style=\"padding: 0px; display: flex; flex-wrap: wrap; column-gap: 0px;\"&gt;\n    &lt;div class=\"col-lg-6 columnBlockLayout\" style=\"flex-grow: 1; display: flex; flex-direction: column; min-width: 250px; word-break: break-word; margin: 0px; padding: 0px; width: calc(50% + 0px);\"&gt;\n      &lt;img src=\"/SharePoint-Logo.png\" alt=\"SharePoint-Logo\" name=\"SharePoint-Logo.png\" style=\"width: 59.72%; height: 136px; max-width: 100%; margin-left: auto; margin-right: auto; border-color: #a19f9d; border: 0px solid #a19f9d; border-radius: 21px;\" /&gt;\n      &lt;div class=\"row sectionBlockLayout\" style=\"display: flex; flex-wrap: wrap; padding: 8px; margin: 0px; min-height: 15px;\"&gt;&lt;/div&gt;\n      &lt;button onclick=\"window.location.href='/Reportes'\" type=\"button\" value=\"Reportes\" class=\"button1\" style=\"margin-left: auto; margin-right: auto;\"&gt;Busqueda Sugerida&lt;/button&gt;\n      &lt;div class=\"row sectionBlockLayout\" style=\"display: flex; flex-wrap: wrap; padding: 8px; margin: 0px; min-height: 15px;\"&gt;&lt;/div&gt;\n      &lt;button onclick=\"window.location.href='/DBSQL/SubirSharepoint'\" type=\"button\" value=\"SubirSharepoint\" class=\"button1\" style=\"margin-left: auto; margin-right: auto;\"&gt;Subir Documentos&lt;/button&gt;\n      &lt;div class=\"row sectionBlockLayout\" style=\"display: flex; flex-wrap: wrap; padding: 8px; margin: 0px; min-height: 15px;\"&gt;&lt;/div&gt;\n      &lt;button onclick=\"window.location.href='/DBSQL/Visualizar-Documentos'\" type=\"button\" value=\"Visualizar-Documentos\" class=\"button1\" style=\"margin-left: auto; margin-right: auto;\"&gt;Ver Documentos&lt;/button&gt;\n    &lt;/div&gt;\n    &lt;div class=\"col-lg-6 columnBlockLayout\" style=\"flex-grow: 1; display: flex; flex-direction: column; min-width: 250px; word-break: break-word; margin: 0px; padding: 0px; width: calc(50% + 0px);\"&gt;\n      &lt;img src=\"/sql-database-sql-azure-logo.png\" alt=\"sql-database-sql-azure-logo\" name=\"sql-database-sql-azure-logo.png\" style=\"width: 34.91%; height: 127px; max-width: 100%; margin-left: auto; margin-right: auto; border-radius: 21px;\" /&gt;\n      &lt;div class=\"row sectionBlockLayout\" style=\"display: flex; flex-wrap: wrap; padding: 8px; margin: 0px; min-height: 15px;\"&gt;&lt;/div&gt;\n      &lt;button onclick=\"window.location.href='/DBSQL'\" type=\"button\" value=\"DBSQL\" class=\"button1\" style=\"margin-left: auto; margin-right: auto;\"&gt;Subir Documentos&lt;/button&gt;\n      &lt;div class=\"row sectionBlockLayout\" style=\"display: flex; flex-wrap: wrap; padding: 8px; margin: 0px; min-height: 15px;\"&gt;&lt;/div&gt;\n      &lt;button onclick=\"window.location.href='/Actividades-y-tareas'\" type=\"button\" value=\"Actividades-y-tareas\" class=\"button1\" style=\"margin-left: auto; margin-right: auto;\"&gt;Actividades y Tareas&lt;/button&gt;\n    &lt;/div&gt;\n  &lt;/div&gt;\n&lt;/div&gt;\n",
  "displayorder": 1,
  "enablerating": false,
  "enabletracking": false,
  "excludefromsearch": false,
  "feedbackpolicy": 756150005,
  "hiddenfromsitemap": false,
  "isroot": false,
  "pagetemplateid": "97b6250d-674a-47d1-912b-63681d5eebf2",
  "partialurl": "/",
  "publishingstateid": "02fae408-0b59-4e83-b136-9c1042c8eabc",
  "rootwebpageid": "2a6443c4-2a6c-4e60-b5e1-052e55ed6880",
  "sharedpageconfiguration": false,
  "summary": "&lt;p&gt;Esta es una página de aterrizaje de ejemplo para que empiece a crear su sitio web.&lt;/p&gt;\r\n",
  "title": "Página principal",
  "parentpageid": null
}</content>
  <iscustomizable>1</iscustomizable>
  <name>Inicio</name>
  <powerpagecomponenttype>2</powerpagecomponenttype>
  <powerpagesiteid>
    <powerpagesiteid>19779ae1-a185-4d9a-b1d3-74aa6f53866a</powerpagesiteid>
  </powerpagesiteid>
  <powerpagesitelanguageid>
    <powerpagesitelanguageid>0f35dd7c-a509-4f24-802c-16d938adb0cb</powerpagesitelanguageid>
  </powerpagesitelanguageid>
  <searchcontent>Página principal&lt;div class="row sectionBlockLayout text-start" style="display: flex; flex-wrap: wrap; margin: 0px; min-height: auto; padding: 8px;"&gt;
  &lt;div class="container" style="padding: 0px; display: flex; flex-wrap: wrap; column-gap: 0px;"&gt;
    &lt;div class="col-lg-6 columnBlockLayout" style="flex-grow: 1; display: flex; flex-direction: column; min-width: 250px; word-break: break-word; margin: 0px; padding: 0px; width: calc(50% + 0px);"&gt;
      &lt;img src="/SharePoint-Logo.png" alt="SharePoint-Logo" name="SharePoint-Logo.png" style="width: 59.72%; height: 136px; max-width: 100%; margin-left: auto; margin-right: auto; border-color: #a19f9d; border: 0px solid #a19f9d; border-radius: 21px;" /&gt;
      &lt;div class="row sectionBlockLayout" style="display: flex; flex-wrap: wrap; padding: 8px; margin: 0px; min-height: 15px;"&gt;&lt;/div&gt;
      &lt;button onclick="window.location.href='/Reportes'" type="button" value="Reportes" class="button1" style="margin-left: auto; margin-right: auto;"&gt;Busqueda Sugerida&lt;/button&gt;
      &lt;div class="row sectionBlockLayout" style="display: flex; flex-wrap: wrap; padding: 8px; margin: 0px; min-height: 15px;"&gt;&lt;/div&gt;
      &lt;button onclick="window.location.href='/DBSQL/SubirSharepoint'" type="button" value="SubirSharepoint" class="button1" style="margin-left: auto; margin-right: auto;"&gt;Subir Documentos&lt;/button&gt;
      &lt;div class="row sectionBlockLayout" style="display: flex; flex-wrap: wrap; padding: 8px; margin: 0px; min-height: 15px;"&gt;&lt;/div&gt;
      &lt;button onclick="window.location.href='/DBSQL/Visualizar-Documentos'" type="button" value="Visualizar-Documentos" class="button1" style="margin-left: auto; margin-right: auto;"&gt;Ver Documentos&lt;/button&gt;
    &lt;/div&gt;
    &lt;div class="col-lg-6 columnBlockLayout" style="flex-grow: 1; display: flex; flex-direction: column; min-width: 250px; word-break: break-word; margin: 0px; padding: 0px; width: calc(50% + 0px);"&gt;
      &lt;img src="/sql-database-sql-azure-logo.png" alt="sql-database-sql-azure-logo" name="sql-database-sql-azure-logo.png" style="width: 34.91%; height: 127px; max-width: 100%; margin-left: auto; margin-right: auto; border-radius: 21px;" /&gt;
      &lt;div class="row sectionBlockLayout" style="display: flex; flex-wrap: wrap; padding: 8px; margin: 0px; min-height: 15px;"&gt;&lt;/div&gt;
      &lt;button onclick="window.location.href='/DBSQL'" type="button" value="DBSQL" class="button1" style="margin-left: auto; margin-right: auto;"&gt;Subir Documentos&lt;/button&gt;
      &lt;div class="row sectionBlockLayout" style="display: flex; flex-wrap: wrap; padding: 8px; margin: 0px; min-height: 15px;"&gt;&lt;/div&gt;
      &lt;button onclick="window.location.href='/Actividades-y-tareas'" type="button" value="Actividades-y-tareas" class="button1" style="margin-left: auto; margin-right: auto;"&gt;Actividades y Tareas&lt;/button&gt;
    &lt;/div&gt;
  &lt;/div&gt;
&lt;/div&gt;
Inicio</searchcontent>
  <statecode>0</statecode>
  <statuscode>1</statuscode>
</powerpagecomponent>