<powerpagecomponent powerpagecomponentid="e72fd0d5-6257-2baf-3bdc-392a4550ea0a">
  <content>{"createdOn":"2023-11-08T18:53:17.469Z","parentpageid":"f5d75399-a675-46fc-943f-f38f2306a757","publishingstateid":"4161d48c-0abf-4171-8c38-f29d0d0e7f14","partialurl":"BRIGHT_BLUE-1.scss","title":"","summary":"BRIGHT_BLUE_DESCRIPTION","enabletracking":false,"excludefromsearch":false,"hiddenfromsitemap":false}</content>
  <filecontent mimetype="application/octet-stream">BRIGHT_BLUE-1.scss</filecontent>
  <iscustomizable>1</iscustomizable>
  <name>BRIGHT_BLUE (1)</name>
  <powerpagecomponenttype>3</powerpagecomponenttype>
  <powerpagesiteid>
    <powerpagesiteid>ca28c41b-2827-4acc-a474-8cb2f8593ce4</powerpagesiteid>
  </powerpagesiteid>
  <statecode>0</statecode>
  <statuscode>1</statuscode>
</powerpagecomponent>