<powerpagecomponent powerpagecomponentid="15b615ce-e759-40f5-af82-c907125ecd69">
  <content>{"display_name":"Búsqueda/Recuento de resultados","type":756150000,"value":"{{ current_page }} - {{ page_size }} de {{ searchindex.approximate_total_hits }} resultados\r\n"}</content>
  <iscustomizable>1</iscustomizable>
  <name>Search/ResultsCount</name>
  <powerpagecomponenttype>7</powerpagecomponenttype>
  <powerpagesiteid>
    <powerpagesiteid>19779ae1-a185-4d9a-b1d3-74aa6f53866a</powerpagesiteid>
  </powerpagesiteid>
  <powerpagesitelanguageid>
    <powerpagesitelanguageid>0f35dd7c-a509-4f24-802c-16d938adb0cb</powerpagesitelanguageid>
  </powerpagesitelanguageid>
  <statecode>0</statecode>
  <statuscode>1</statuscode>
</powerpagecomponent>