<powerpagecomponent powerpagecomponentid="17b3f755-55ba-4340-80f7-dace1d539b5f">
  <content>{"adx_websiteaccess_webrole":["798a4fa9-6d6e-47da-8794-574fb697d362"],"managecontentsnippets":true,"managesitemarkers":true,"manageweblinksets":true,"previewunpublishedentities":true}</content>
  <iscustomizable>1</iscustomizable>
  <name>Permisos administrativos para el diseño del sitio 005</name>
  <powerpagecomponenttype>12</powerpagecomponenttype>
  <powerpagesiteid>
    <powerpagesiteid>19779ae1-a185-4d9a-b1d3-74aa6f53866a</powerpagesiteid>
  </powerpagesiteid>
  <statecode>0</statecode>
  <statuscode>1</statuscode>
</powerpagecomponent>