<powerpagecomponent powerpagecomponentid="65b55f90-b6a5-447f-a3a7-dddacdabf6c0">
  <content>{"copy":"&lt;p&gt;Proporcione cierta información sobre usted.&lt;/p&gt;\r\n\r\n&lt;p&gt;El &lt;strong&gt;Nombre de pila&lt;/strong&gt; y los &lt;strong&gt;Apellidos &lt;/strong&gt;que proporcione aparecerán junto a todos los comentarios, entradas de foros o ideas que aporte al sitio.&lt;/p&gt;\r\n\r\n&lt;p&gt;La &lt;strong&gt;Dirección de correo electrónico&lt;/strong&gt; y el número de &lt;strong&gt;Teléfono&lt;/strong&gt; no se mostrarán en el sitio.&lt;/p&gt;\r\n\r\n&lt;p&gt;El &lt;strong&gt;Nombre de la organización&lt;/strong&gt; y el &lt;strong&gt;Cargo&lt;/strong&gt; son opcionales. Se mostrarán junto con sus comentarios y entradas de foros.&lt;/p&gt;","enablerating":false,"enabletracking":false,"excludefromsearch":false,"feedbackpolicy":756150000,"hiddenfromsitemap":true,"isroot":false,"pagetemplateid":"1fcc5dc1-3415-4084-bd3f-31b220856aec","parentpageid":"2a6443c4-2a6c-4e60-b5e1-052e55ed6880","partialurl":"profile","publishingstateid":"02fae408-0b59-4e83-b136-9c1042c8eabc","rootwebpageid":"7420612f-6f07-40b1-8292-4f238a14896a","sharedpageconfiguration":false,"title":"Perfil"}</content>
  <iscustomizable>1</iscustomizable>
  <name>Perfil</name>
  <powerpagecomponenttype>2</powerpagecomponenttype>
  <powerpagesiteid>
    <powerpagesiteid>19779ae1-a185-4d9a-b1d3-74aa6f53866a</powerpagesiteid>
  </powerpagesiteid>
  <powerpagesitelanguageid>
    <powerpagesitelanguageid>0f35dd7c-a509-4f24-802c-16d938adb0cb</powerpagesitelanguageid>
  </powerpagesitelanguageid>
  <searchcontent>Perfil&lt;p&gt;Proporcione cierta información sobre usted.&lt;/p&gt;

&lt;p&gt;El &lt;strong&gt;Nombre de pila&lt;/strong&gt; y los &lt;strong&gt;Apellidos &lt;/strong&gt;que proporcione aparecerán junto a todos los comentarios, entradas de foros o ideas que aporte al sitio.&lt;/p&gt;

&lt;p&gt;La &lt;strong&gt;Dirección de correo electrónico&lt;/strong&gt; y el número de &lt;strong&gt;Teléfono&lt;/strong&gt; no se mostrarán en el sitio.&lt;/p&gt;

&lt;p&gt;El &lt;strong&gt;Nombre de la organización&lt;/strong&gt; y el &lt;strong&gt;Cargo&lt;/strong&gt; son opcionales. Se mostrarán junto con sus comentarios y entradas de foros.&lt;/p&gt;Perfil</searchcontent>
  <statecode>0</statecode>
  <statuscode>1</statuscode>
</powerpagecomponent>