<powerpagecomponent powerpagecomponentid="373b1db1-bf0f-486d-afe8-fdc77fd3bc50">
  <content>{"display_name":"Encabezado/Búsqueda/Información sobre herramientas","type":756150000,"value":"\r\n"}</content>
  <iscustomizable>1</iscustomizable>
  <name>Header/Search/ToolTip</name>
  <powerpagecomponenttype>7</powerpagecomponenttype>
  <powerpagesiteid>
    <powerpagesiteid>19779ae1-a185-4d9a-b1d3-74aa6f53866a</powerpagesiteid>
  </powerpagesiteid>
  <powerpagesitelanguageid>
    <powerpagesitelanguageid>0f35dd7c-a509-4f24-802c-16d938adb0cb</powerpagesitelanguageid>
  </powerpagesitelanguageid>
  <statecode>0</statecode>
  <statuscode>1</statuscode>
</powerpagecomponent>