<powerpagecomponent powerpagecomponentid="dad7ddf2-3b35-4334-86cf-d35f444622b6">
  <content>{"description":"","disablepagevalidation":false,"displayimageonly":false,"displayorder":1,"displaypagechildlinks":false,"openinnewwindow":false,"pageid":"7420612f-6f07-40b1-8292-4f238a14896a","publishingstateid":"02fae408-0b59-4e83-b136-9c1042c8eabc","robotsfollowlink":true,"weblinksetid":"4595acc8-3c24-4137-966d-c9de3092c0a5"}</content>
  <iscustomizable>1</iscustomizable>
  <name>Perfil</name>
  <powerpagecomponenttype>5</powerpagecomponenttype>
  <powerpagesiteid>
    <powerpagesiteid>19779ae1-a185-4d9a-b1d3-74aa6f53866a</powerpagesiteid>
  </powerpagesiteid>
  <statecode>0</statecode>
  <statuscode>1</statuscode>
</powerpagecomponent>