<powerpagecomponent powerpagecomponentid="2d3d76d7-6ddf-43d0-aa74-24d169c254df">
  <content>{"entityname":"adx_webpage","isdefault":false,"rewriteurl":"~/Pages/Search.aspx","type":756150000,"usewebsiteheaderandfooter":true,"webtemplateid":"bbdfa6c2-6506-489a-b4e0-f62451c0e3af"}</content>
  <iscustomizable>1</iscustomizable>
  <name>Search</name>
  <powerpagecomponenttype>6</powerpagecomponenttype>
  <powerpagesiteid>
    <powerpagesiteid>19779ae1-a185-4d9a-b1d3-74aa6f53866a</powerpagesiteid>
  </powerpagesiteid>
  <statecode>0</statecode>
  <statuscode>1</statuscode>
</powerpagecomponent>