<powerpagecomponent powerpagecomponentid="cb37897a-d4c3-4620-2654-8e8bc7418595">
  <content>{"summary":"PURPLE_DESCRIPTION","publishingstateid":"02fae408-0b59-4e83-b136-9c1042c8eabc","partialurl":"PURPLE-1.scss","parentpageid":"2a6443c4-2a6c-4e60-b5e1-052e55ed6880"}</content>
  <filecontent mimetype="application/octet-stream">PURPLE%20(1)</filecontent>
  <iscustomizable>1</iscustomizable>
  <name>PURPLE (1)</name>
  <powerpagecomponenttype>3</powerpagecomponenttype>
  <powerpagesiteid>
    <powerpagesiteid>19779ae1-a185-4d9a-b1d3-74aa6f53866a</powerpagesiteid>
  </powerpagesiteid>
  <statecode>0</statecode>
  <statuscode>1</statuscode>
</powerpagecomponent>