<powerpagecomponent powerpagecomponentid="43fe5d46-a6a8-4930-8a01-addadd837436">
  <content>{
  "copy": "&lt;div data-component-theme=\"portalThemeColor7\" class=\"row sectionBlockLayout text-left\" style=\"display: flex; flex-wrap: wrap; margin: 0px; min-height: auto; padding: 8px;\"&gt;\n  &lt;div class=\"container\" style=\"padding: 0px; display: flex; flex-wrap: wrap;\"&gt;\n    &lt;div class=\"col-lg-4 columnBlockLayout\" style=\"word-break: break-word; flex-grow: 1; display: flex; flex-direction: column; min-width: 300px;\"&gt;\n      &lt;h1 style=\"text-align: center;\"&gt;Bienvenido&lt;/h1&gt;\n      &lt;p style=\"text-align: center;\"&gt;A una asistencia Remota&lt;/p&gt;\n    &lt;/div&gt;\n    &lt;div class=\"col-lg-8 columnBlockLayout\" style=\"word-break: break-word; flex-grow: 1; display: flex; flex-direction: column; min-width: 300px;\"&gt;&lt;img src=\"/loginI.png\" alt=\"loginI\" name=\"loginI.png\" style=\"width: 106%; height: 323.844px; max-width: 100%;\" /&gt;&lt;/div&gt;\n  &lt;/div&gt;\n&lt;/div&gt;\n",
  "displayorder": 1,
  "enablerating": false,
  "enabletracking": false,
  "excludefromsearch": false,
  "feedbackpolicy": 756150005,
  "hiddenfromsitemap": false,
  "isroot": false,
  "pagetemplateid": "2425c60e-14d4-4377-9053-410888acb392",
  "partialurl": "/",
  "publishingstateid": "4161d48c-0abf-4171-8c38-f29d0d0e7f14",
  "rootwebpageid": "f5d75399-a675-46fc-943f-f38f2306a757",
  "sharedpageconfiguration": false,
  "summary": "&lt;p&gt;Esta es una página de aterrizaje de ejemplo para que empiece a crear su sitio web.&lt;/p&gt;\r\n",
  "title": "Página principal",
  "parentpageid": null
}</content>
  <iscustomizable>1</iscustomizable>
  <name>Inicio</name>
  <powerpagecomponenttype>2</powerpagecomponenttype>
  <powerpagesiteid>
    <powerpagesiteid>ca28c41b-2827-4acc-a474-8cb2f8593ce4</powerpagesiteid>
  </powerpagesiteid>
  <powerpagesitelanguageid>
    <powerpagesitelanguageid>8fb0612c-5a13-4dcb-8031-0d8874c88351</powerpagesitelanguageid>
  </powerpagesitelanguageid>
  <searchcontent>Página principal&lt;div data-component-theme="portalThemeColor7" class="row sectionBlockLayout text-left" style="display: flex; flex-wrap: wrap; margin: 0px; min-height: auto; padding: 8px;"&gt;
  &lt;div class="container" style="padding: 0px; display: flex; flex-wrap: wrap;"&gt;
    &lt;div class="col-lg-4 columnBlockLayout" style="word-break: break-word; flex-grow: 1; display: flex; flex-direction: column; min-width: 300px;"&gt;
      &lt;h1 style="text-align: center;"&gt;Bienvenido&lt;/h1&gt;
      &lt;p style="text-align: center;"&gt;A una asistencia Remota&lt;/p&gt;
    &lt;/div&gt;
    &lt;div class="col-lg-8 columnBlockLayout" style="word-break: break-word; flex-grow: 1; display: flex; flex-direction: column; min-width: 300px;"&gt;&lt;img src="/loginI.png" alt="loginI" name="loginI.png" style="width: 106%; height: 323.844px; max-width: 100%;" /&gt;&lt;/div&gt;
  &lt;/div&gt;
&lt;/div&gt;
Inicio</searchcontent>
  <statecode>0</statecode>
  <statuscode>1</statuscode>
</powerpagecomponent>