<powerpagecomponent powerpagecomponentid="a37afd66-092e-4ef8-a316-58e757e05982">
  <content>{
  "copy": "&lt;div class=\"row sectionBlockLayout text-start\" style=\"display: flex; flex-wrap: wrap; margin: 0px; min-height: auto; padding: 8px;\"&gt;\n  &lt;div class=\"container\" style=\"padding: 0px; display: flex; flex-wrap: wrap;\"&gt;\n    &lt;div class=\"col-lg-12 columnBlockLayout\" style=\"flex-grow: 1; display: flex; flex-direction: column; min-width: 250px; word-break: break-word; margin: 15px 0px; padding: 10px;\"&gt;&lt;iframe frameborder=\"0\" src=\"https://apps.powerapps.com/play/e/4ba207e9-36c7-ebb9-9b2f-1d05fddb69e9/a/49fd1b73-bd48-4d72-8de7-a7ae1d0b0dbd?tenantId=d7d0db8e-b4f5-4a13-b249-eac8daeb1f06&amp;amp;hint=f6a3f569-4fed-46c5-9dcb-dc5f02f4b681&amp;amp;sourcetime=1701196015904\" style=\"width: 104.6%; height: 761px; max-width: 100%; margin-left: auto; margin-right: auto;\"&gt;&lt;/iframe&gt;&lt;/div&gt;\n  &lt;/div&gt;\n&lt;/div&gt;\n",
  "displayorder": 2,
  "enablerating": false,
  "enabletracking": false,
  "excludefromsearch": false,
  "feedbackpolicy": 756150000,
  "hiddenfromsitemap": false,
  "isroot": false,
  "pagetemplateid": "2425c60e-14d4-4377-9053-410888acb392",
  "parentpageid": "92cc3162-55cf-4cfb-95fa-fc16d1db58c2",
  "partialurl": "Subpage-two",
  "publishingstateid": "4161d48c-0abf-4171-8c38-f29d0d0e7f14",
  "rootwebpageid": "8fce51f0-3b9f-4ba6-bae6-7f9a83aec4a1",
  "sharedpageconfiguration": true,
  "summary": "&lt;p&gt;Esta es una página de aterrizaje de ejemplo diseñada como punto de partida para su sitio web&lt;/p&gt;",
  "title": "Subpágina dos"
}</content>
  <iscustomizable>1</iscustomizable>
  <name>Ver Archivos</name>
  <powerpagecomponenttype>2</powerpagecomponenttype>
  <powerpagesiteid>
    <powerpagesiteid>ca28c41b-2827-4acc-a474-8cb2f8593ce4</powerpagesiteid>
  </powerpagesiteid>
  <powerpagesitelanguageid>
    <powerpagesitelanguageid>8fb0612c-5a13-4dcb-8031-0d8874c88351</powerpagesitelanguageid>
  </powerpagesitelanguageid>
  <searchcontent>Subpágina dos&lt;div class="row sectionBlockLayout text-start" style="display: flex; flex-wrap: wrap; margin: 0px; min-height: auto; padding: 8px;"&gt;
  &lt;div class="container" style="padding: 0px; display: flex; flex-wrap: wrap;"&gt;
    &lt;div class="col-lg-12 columnBlockLayout" style="flex-grow: 1; display: flex; flex-direction: column; min-width: 250px; word-break: break-word; margin: 15px 0px; padding: 10px;"&gt;&lt;iframe frameborder="0" src="https://apps.powerapps.com/play/e/4ba207e9-36c7-ebb9-9b2f-1d05fddb69e9/a/49fd1b73-bd48-4d72-8de7-a7ae1d0b0dbd?tenantId=d7d0db8e-b4f5-4a13-b249-eac8daeb1f06&amp;amp;hint=f6a3f569-4fed-46c5-9dcb-dc5f02f4b681&amp;amp;sourcetime=1701196015904" style="width: 104.6%; height: 761px; max-width: 100%; margin-left: auto; margin-right: auto;"&gt;&lt;/iframe&gt;&lt;/div&gt;
  &lt;/div&gt;
&lt;/div&gt;
Ver Archivos</searchcontent>
  <statecode>0</statecode>
  <statuscode>1</statuscode>
</powerpagecomponent>