<powerpagecomponent powerpagecomponentid="97ac0b9e-830e-51a6-7aca-af8502ef647b">
  <content>{
  "displayorder": 4,
  "customcss": "",
  "customjavascript": "",
  "pagetemplateid": "97b6250d-674a-47d1-912b-63681d5eebf2",
  "parentpageid": "2a6443c4-2a6c-4e60-b5e1-052e55ed6880",
  "partialurl": "Reportes",
  "isroot": false,
  "rootwebpageid": "e19cd9c1-623c-c9e8-fe97-ff5911fb5108",
  "title": "Reportes",
  "summary": "&lt;p&gt;Esta es una página de aterrizaje de ejemplo diseñada como punto de partida para su sitio web.&lt;/p&gt;",
  "copy": "&lt;div class=\"row sectionBlockLayout text-start\" style=\"display: flex; flex-wrap: wrap; margin: 0px; min-height: auto; padding: 8px;\"&gt;\n  &lt;div class=\"container\" style=\"padding: 0px; display: flex; flex-wrap: wrap;\"&gt;\n    &lt;div class=\"col-lg-12 columnBlockLayout\" style=\"flex-grow: 1; display: flex; flex-direction: column; min-width: 250px; word-break: break-word; margin: 20px 0px; padding: 10px;\"&gt;\n      &lt;button onclick=\"window.location.href='/'\" type=\"button\" value=\"/\" class=\"button1\"&gt;Volver&lt;/button&gt;\n      &lt;div class=\"row sectionBlockLayout\" style=\"display: flex; flex-wrap: wrap; padding: 8px; margin: 0px; min-height: 15px;\"&gt;&lt;/div&gt;\n      &lt;h2 style=\"text-align: left;\"&gt;​&lt;b aria-label=\"Texto ¡Es necesario inicializar la metadata! Presione Entrar para editar\" style=\"position: relative;\"&gt;¡Es necesario inicializar la metadata!&amp;nbsp;&lt;/b&gt;&lt;/h2&gt;\n    &lt;/div&gt;\n  &lt;/div&gt;\n&lt;/div&gt;\n",
  "publishingstateid": "02fae408-0b59-4e83-b136-9c1042c8eabc",
  "enablerating": false,
  "enabletracking": false,
  "excludefromsearch": false,
  "hiddenfromsitemap": true,
  "sharedpageconfiguration": false
}</content>
  <iscustomizable>1</iscustomizable>
  <name>Busqueda Sugerida</name>
  <powerpagecomponenttype>2</powerpagecomponenttype>
  <powerpagesiteid>
    <powerpagesiteid>19779ae1-a185-4d9a-b1d3-74aa6f53866a</powerpagesiteid>
  </powerpagesiteid>
  <powerpagesitelanguageid>
    <powerpagesitelanguageid>0f35dd7c-a509-4f24-802c-16d938adb0cb</powerpagesitelanguageid>
  </powerpagesitelanguageid>
  <searchcontent>Reportes&lt;div class="row sectionBlockLayout text-start" style="display: flex; flex-wrap: wrap; margin: 0px; min-height: auto; padding: 8px;"&gt;
  &lt;div class="container" style="padding: 0px; display: flex; flex-wrap: wrap;"&gt;
    &lt;div class="col-lg-12 columnBlockLayout" style="flex-grow: 1; display: flex; flex-direction: column; min-width: 250px; word-break: break-word; margin: 20px 0px; padding: 10px;"&gt;
      &lt;button onclick="window.location.href='/'" type="button" value="/" class="button1"&gt;Volver&lt;/button&gt;
      &lt;div class="row sectionBlockLayout" style="display: flex; flex-wrap: wrap; padding: 8px; margin: 0px; min-height: 15px;"&gt;&lt;/div&gt;
      &lt;h2 style="text-align: left;"&gt;​&lt;b aria-label="Texto ¡Es necesario inicializar la metadata! Presione Entrar para editar" style="position: relative;"&gt;¡Es necesario inicializar la metadata!&amp;nbsp;&lt;/b&gt;&lt;/h2&gt;
    &lt;/div&gt;
  &lt;/div&gt;
&lt;/div&gt;
Busqueda Sugerida</searchcontent>
  <statecode>0</statecode>
  <statuscode>1</statuscode>
</powerpagecomponent>