<powerpagecomponent powerpagecomponentid="31d51e8d-d3cb-4c1b-a5fd-46da8c2d98b5">
  <content>{"contentdisposition":756150000,"enabletracking":false,"excludefromsearch":false,"hiddenfromsitemap":false,"parentpageid":"2a6443c4-2a6c-4e60-b5e1-052e55ed6880","partialurl":"Cat-PC.png","publishingstateid":"02fae408-0b59-4e83-b136-9c1042c8eabc"}</content>
  <filecontent mimetype="application/octet-stream">Cat-PC.png</filecontent>
  <iscustomizable>1</iscustomizable>
  <name>Cat-PC.png</name>
  <powerpagecomponenttype>3</powerpagecomponenttype>
  <powerpagesiteid>
    <powerpagesiteid>19779ae1-a185-4d9a-b1d3-74aa6f53866a</powerpagesiteid>
  </powerpagesiteid>
  <statecode>0</statecode>
  <statuscode>1</statuscode>
</powerpagecomponent>