<powerpagecomponent powerpagecomponentid="3ecb395c-ea12-4af1-9ddd-c4cc3a15b9d9">
  <content>{"description":"Configuración del sitio que determina si se incluye el código de idioma en la dirección URL del portal.","value":"False"}</content>
  <iscustomizable>1</iscustomizable>
  <name>MultiLanguage/DisplayLanguageCodeInURL</name>
  <powerpagecomponenttype>9</powerpagecomponenttype>
  <powerpagesiteid>
    <powerpagesiteid>ca28c41b-2827-4acc-a474-8cb2f8593ce4</powerpagesiteid>
  </powerpagesiteid>
  <statecode>0</statecode>
  <statuscode>1</statuscode>
</powerpagecomponent>