<powerpagecomponent powerpagecomponentid="f86c64cf-f27c-4a4a-b01f-e2f1e0b13f90">
  <content>{"description":"Establece si la plantilla web de pie de página almacena en caché los resultados.","value":"True"}</content>
  <iscustomizable>1</iscustomizable>
  <name>Footer/OutputCache/Enabled</name>
  <powerpagecomponenttype>9</powerpagecomponenttype>
  <powerpagesiteid>
    <powerpagesiteid>ca28c41b-2827-4acc-a474-8cb2f8593ce4</powerpagesiteid>
  </powerpagesiteid>
  <statecode>0</statecode>
  <statuscode>1</statuscode>
</powerpagecomponent>