<powerpagecomponent powerpagecomponentid="13e08db5-1a9d-0ae8-8f6f-227f43e656ff">
  <content>{
  "webpageid": "07ba4b0c-7fa3-c59f-ce9c-6209c05b1bd6",
  "right": 2,
  "scope": 1,
  "adx_webpageaccesscontrolrule_webrole": [
    "e9ccee6a-00d8-4e84-ad9f-a2a07531faf6"
  ]
}</content>
  <iscustomizable>1</iscustomizable>
  <name>Restrict Read on BDSQL</name>
  <powerpagecomponenttype>10</powerpagecomponenttype>
  <powerpagesiteid>
    <powerpagesiteid>ca28c41b-2827-4acc-a474-8cb2f8593ce4</powerpagesiteid>
  </powerpagesiteid>
  <statecode>0</statecode>
  <statuscode>1</statuscode>
</powerpagecomponent>