<powerpagecomponent powerpagecomponentid="ae2a013f-f786-40b4-a5e1-38a1ec20aebc">
  <content>{
  "value": "https://login.windows.net/d7d0db8e-b4f5-4a13-b249-eac8daeb1f06/"
}</content>
  <iscustomizable>1</iscustomizable>
  <name>Authentication/Registration/LoginButtonAuthenticationType</name>
  <powerpagecomponenttype>9</powerpagecomponenttype>
  <powerpagesiteid>
    <powerpagesiteid>ca28c41b-2827-4acc-a474-8cb2f8593ce4</powerpagesiteid>
  </powerpagesiteid>
  <statecode>0</statecode>
  <statuscode>1</statuscode>
</powerpagecomponent>