<powerpagecomponent powerpagecomponentid="1ea8e41f-65df-4b91-b37a-dbeeada1cf0c">
  <content>{"createdOn":"2023-11-08T19:22:08.640Z","parentpageid":"f5d75399-a675-46fc-943f-f38f2306a757","publishingstateid":"4161d48c-0abf-4171-8c38-f29d0d0e7f14","partialurl":"loginI.png","title":"","summary":"","enabletracking":false,"excludefromsearch":false,"hiddenfromsitemap":false}</content>
  <filecontent mimetype="image/png">loginI.png</filecontent>
  <iscustomizable>1</iscustomizable>
  <name>loginI.png</name>
  <powerpagecomponenttype>3</powerpagecomponenttype>
  <powerpagesiteid>
    <powerpagesiteid>ca28c41b-2827-4acc-a474-8cb2f8593ce4</powerpagesiteid>
  </powerpagesiteid>
  <statecode>0</statecode>
  <statuscode>1</statuscode>
</powerpagecomponent>