<powerpagecomponent powerpagecomponentid="9e4290a5-7270-4b58-842c-b59b96089862">
  <content>{
  "copy": "&lt;div class=\"row sectionBlockLayout text-start\" style=\"display: flex; flex-wrap: wrap; margin: 0px; min-height: auto; padding: 8px;\"&gt;\n  &lt;div class=\"container\" style=\"padding: 0px; display: flex; flex-wrap: wrap; column-gap: 0px;\"&gt;\n    &lt;div class=\"col-lg-6 columnBlockLayout\" style=\"flex-grow: 1; display: flex; flex-direction: column; min-width: 250px; word-break: break-word; margin: 0px; padding: 0px; justify-content: flex-start; width: calc(50% - 0px);\"&gt;&lt;button onclick=\"window.location.href='/'\" type=\"button\" value=\"/\" class=\"button1\" style=\"margin-left: auto; margin-right: auto;\"&gt;Volver&lt;/button&gt;&lt;/div&gt;\n    &lt;div class=\"col-lg-6 columnBlockLayout\" style=\"flex-grow: 1; display: flex; flex-direction: column; min-width: 250px; word-break: break-word; margin: 0px; padding: 0px; justify-content: flex-start; width: calc(50% - 0px);\"&gt;&lt;button onclick=\"window.location.href='/DBSQL/Visualizar-Documentos'\" type=\"button\" value=\"Visualizar-Documentos\" class=\"button1\" style=\"margin-left: auto; margin-right: auto;\"&gt;Visualizar Archivos&lt;/button&gt;&lt;/div&gt;\n  &lt;/div&gt;\n&lt;/div&gt;\n&lt;div class=\"row sectionBlockLayout text-start\" style=\"display: flex; flex-wrap: wrap; margin: 0px; min-height: auto; padding: 8px;\"&gt;\n  &lt;div class=\"container\" style=\"padding: 0px; display: flex; flex-wrap: wrap;\"&gt;\n    &lt;div class=\"col-lg-12 columnBlockLayout\" style=\"flex-grow: 1; display: flex; flex-direction: column; min-width: 250px; word-break: break-word; margin: 5px 0px; padding: 16px;\"&gt;&lt;iframe frameborder=\"0\" src=\"https://apps.powerapps.com/play/e/4ba207e9-36c7-ebb9-9b2f-1d05fddb69e9/a/b0134401-6089-4e00-aa19-45058277288b?tenantId=d7d0db8e-b4f5-4a13-b249-eac8daeb1f06&amp;amp;hint=94fc9fc6-560c-49e8-9d53-53f1aaa3138f&amp;amp;sourcetime=1701097347010\" style=\"width: 101.81%; height: 387px; max-width: 100%;\"&gt;&lt;/iframe&gt;&lt;/div&gt;\n  &lt;/div&gt;\n&lt;/div&gt;\n",
  "displayorder": 1,
  "enablerating": false,
  "enabletracking": false,
  "excludefromsearch": false,
  "feedbackpolicy": 756150000,
  "hiddenfromsitemap": false,
  "isroot": false,
  "pagetemplateid": "97b6250d-674a-47d1-912b-63681d5eebf2",
  "parentpageid": "11aacbb8-e343-484a-bdb0-4bd128c13472",
  "partialurl": "SubirSharepoint",
  "publishingstateid": "02fae408-0b59-4e83-b136-9c1042c8eabc",
  "rootwebpageid": "0e123234-2ba8-4788-84df-803140e2bfe0",
  "sharedpageconfiguration": true,
  "summary": "&lt;p&gt;Esta es una página de aterrizaje de ejemplo diseñada como punto de partida para su sitio web&lt;/p&gt;",
  "title": "Subpágina uno"
}</content>
  <iscustomizable>1</iscustomizable>
  <name>Subir Archivos</name>
  <powerpagecomponenttype>2</powerpagecomponenttype>
  <powerpagesiteid>
    <powerpagesiteid>19779ae1-a185-4d9a-b1d3-74aa6f53866a</powerpagesiteid>
  </powerpagesiteid>
  <powerpagesitelanguageid>
    <powerpagesitelanguageid>0f35dd7c-a509-4f24-802c-16d938adb0cb</powerpagesitelanguageid>
  </powerpagesitelanguageid>
  <searchcontent>Subpágina uno&lt;div class="row sectionBlockLayout text-start" style="display: flex; flex-wrap: wrap; margin: 0px; min-height: auto; padding: 8px;"&gt;
  &lt;div class="container" style="padding: 0px; display: flex; flex-wrap: wrap; column-gap: 0px;"&gt;
    &lt;div class="col-lg-6 columnBlockLayout" style="flex-grow: 1; display: flex; flex-direction: column; min-width: 250px; word-break: break-word; margin: 0px; padding: 0px; justify-content: flex-start; width: calc(50% - 0px);"&gt;&lt;button onclick="window.location.href='/'" type="button" value="/" class="button1" style="margin-left: auto; margin-right: auto;"&gt;Volver&lt;/button&gt;&lt;/div&gt;
    &lt;div class="col-lg-6 columnBlockLayout" style="flex-grow: 1; display: flex; flex-direction: column; min-width: 250px; word-break: break-word; margin: 0px; padding: 0px; justify-content: flex-start; width: calc(50% - 0px);"&gt;&lt;button onclick="window.location.href='/DBSQL/Visualizar-Documentos'" type="button" value="Visualizar-Documentos" class="button1" style="margin-left: auto; margin-right: auto;"&gt;Visualizar Archivos&lt;/button&gt;&lt;/div&gt;
  &lt;/div&gt;
&lt;/div&gt;
&lt;div class="row sectionBlockLayout text-start" style="display: flex; flex-wrap: wrap; margin: 0px; min-height: auto; padding: 8px;"&gt;
  &lt;div class="container" style="padding: 0px; display: flex; flex-wrap: wrap;"&gt;
    &lt;div class="col-lg-12 columnBlockLayout" style="flex-grow: 1; display: flex; flex-direction: column; min-width: 250px; word-break: break-word; margin: 5px 0px; padding: 16px;"&gt;&lt;iframe frameborder="0" src="https://apps.powerapps.com/play/e/4ba207e9-36c7-ebb9-9b2f-1d05fddb69e9/a/b0134401-6089-4e00-aa19-45058277288b?tenantId=d7d0db8e-b4f5-4a13-b249-eac8daeb1f06&amp;amp;hint=94fc9fc6-560c-49e8-9d53-53f1aaa3138f&amp;amp;sourcetime=1701097347010" style="width: 101.81%; height: 387px; max-width: 100%;"&gt;&lt;/iframe&gt;&lt;/div&gt;
  &lt;/div&gt;
&lt;/div&gt;
Subir Archivos</searchcontent>
  <statecode>0</statecode>
  <statuscode>1</statuscode>
</powerpagecomponent>