<powerpagecomponent powerpagecomponentid="d01977ca-1a89-4cc9-a999-97644a86e105">
  <content>{"display_name":"Pie de página","type":756150001,"value":"&lt;p class='smallText'&gt;Copyright © &lt;span id='year'&gt;&lt;/span&gt;. Todos los derechos reservados.&lt;/p&gt;\r\n&lt;script&gt;\r\n  document.getElementById('year').innerHTML = new Date().getFullYear();\r\n&lt;/script&gt;\r\n"}</content>
  <iscustomizable>1</iscustomizable>
  <name>Footer</name>
  <powerpagecomponenttype>7</powerpagecomponenttype>
  <powerpagesiteid>
    <powerpagesiteid>19779ae1-a185-4d9a-b1d3-74aa6f53866a</powerpagesiteid>
  </powerpagesiteid>
  <powerpagesitelanguageid>
    <powerpagesitelanguageid>0f35dd7c-a509-4f24-802c-16d938adb0cb</powerpagesitelanguageid>
  </powerpagesitelanguageid>
  <statecode>0</statecode>
  <statuscode>1</statuscode>
</powerpagecomponent>