<powerpagecomponent powerpagecomponentid="52f2c1b2-8294-44f1-b348-a858aa060ca4">
  <content>{"display_name":"Pie de página","type":756150001,"value":"&lt;p class='smallText'&gt;Copyright © &lt;span id='year'&gt;&lt;/span&gt;. Todos los derechos reservados.&lt;/p&gt;\r\n&lt;script&gt;\r\n  document.getElementById('year').innerHTML = new Date().getFullYear();\r\n&lt;/script&gt;\r\n"}</content>
  <iscustomizable>1</iscustomizable>
  <name>Footer</name>
  <powerpagecomponenttype>7</powerpagecomponenttype>
  <powerpagesiteid>
    <powerpagesiteid>ca28c41b-2827-4acc-a474-8cb2f8593ce4</powerpagesiteid>
  </powerpagesiteid>
  <powerpagesitelanguageid>
    <powerpagesitelanguageid>8fb0612c-5a13-4dcb-8031-0d8874c88351</powerpagesitelanguageid>
  </powerpagesitelanguageid>
  <statecode>0</statecode>
  <statuscode>1</statuscode>
</powerpagecomponent>