<powerpagecomponent powerpagecomponentid="dc68903a-ad53-4626-92af-1e6cb535c8c2">
  <content>{
  "description": "",
  "disablepagevalidation": false,
  "displayimageonly": false,
  "displayorder": 1,
  "displaypagechildlinks": false,
  "openinnewwindow": false,
  "pageid": "3e2be5f6-112b-478e-92a0-9aaccc5160cd",
  "parentweblinkid": "7efcfb4f-9ec7-4eca-a451-356886324be5",
  "publishingstateid": "4161d48c-0abf-4171-8c38-f29d0d0e7f14",
  "robotsfollowlink": true,
  "weblinksetid": "630598dc-08d5-44ca-bee5-7cb2cf257f14"
}</content>
  <iscustomizable>1</iscustomizable>
  <name>Subir Archivos</name>
  <powerpagecomponenttype>5</powerpagecomponenttype>
  <powerpagesiteid>
    <powerpagesiteid>ca28c41b-2827-4acc-a474-8cb2f8593ce4</powerpagesiteid>
  </powerpagesiteid>
  <statecode>0</statecode>
  <statuscode>1</statuscode>
</powerpagecomponent>