<powerpagecomponent powerpagecomponentid="6858e456-9f95-4527-b35d-5aace48e2ba6">
  <content>{"description":"Configuración del sitio que determina si se incluye el código de idioma en la dirección URL del portal.","value":"False"}</content>
  <iscustomizable>1</iscustomizable>
  <name>MultiLanguage/DisplayLanguageCodeInURL</name>
  <powerpagecomponenttype>9</powerpagecomponenttype>
  <powerpagesiteid>
    <powerpagesiteid>19779ae1-a185-4d9a-b1d3-74aa6f53866a</powerpagesiteid>
  </powerpagesiteid>
  <statecode>0</statecode>
  <statuscode>1</statuscode>
</powerpagecomponent>