<powerpagecomponent powerpagecomponentid="3683a2df-9ddf-4576-ad3f-f07649d6a465">
  <content>{"createdOn":"2023-11-29T21:20:06.833Z","parentpageid":"2a6443c4-2a6c-4e60-b5e1-052e55ed6880","publishingstateid":"02fae408-0b59-4e83-b136-9c1042c8eabc","partialurl":"loginI.png","title":"","summary":"","enabletracking":false,"excludefromsearch":false,"hiddenfromsitemap":false}</content>
  <filecontent mimetype="image/png">loginI.png</filecontent>
  <iscustomizable>1</iscustomizable>
  <name>loginI.png</name>
  <powerpagecomponenttype>3</powerpagecomponenttype>
  <powerpagesiteid>
    <powerpagesiteid>19779ae1-a185-4d9a-b1d3-74aa6f53866a</powerpagesiteid>
  </powerpagesiteid>
  <statecode>0</statecode>
  <statuscode>1</statuscode>
</powerpagecomponent>