<powerpagecomponent powerpagecomponentid="a6a30bd1-8af8-4ced-a792-f3edd60a8f63">
  <content>{"description":"Si se habilita esta configuración, todas las actividades del cliente se mostrarán en la escala de tiempo del portal.","value":"false"}</content>
  <iscustomizable>1</iscustomizable>
  <name>CustomerSupport/DisplayAllUserActivitiesOnTimeline</name>
  <powerpagecomponenttype>9</powerpagecomponenttype>
  <powerpagesiteid>
    <powerpagesiteid>19779ae1-a185-4d9a-b1d3-74aa6f53866a</powerpagesiteid>
  </powerpagesiteid>
  <statecode>0</statecode>
  <statuscode>1</statuscode>
</powerpagecomponent>