<powerpagecomponent powerpagecomponentid="a3afe0db-0d5e-877b-1570-aece778be7ef">
  <content>{
  "displayorder": 4,
  "customcss": "",
  "customjavascript": "",
  "pagetemplateid": "2425c60e-14d4-4377-9053-410888acb392",
  "parentpageid": "07ba4b0c-7fa3-c59f-ce9c-6209c05b1bd6",
  "partialurl": "Actividad",
  "isroot": false,
  "rootwebpageid": "178be3d5-042d-e65a-c2ef-007bbfd861f2",
  "title": "Actividad",
  "summary": "&lt;p&gt;Esta es una página de aterrizaje de ejemplo diseñada como punto de partida para su sitio web.&lt;/p&gt;",
  "copy": "&lt;div class=\"row sectionBlockLayout text-start\" style=\"display: flex; flex-wrap: wrap; margin: 0px; min-height: auto; padding: 8px;\"&gt;\n  &lt;div class=\"container\" style=\"display: flex; flex-wrap: wrap;\"&gt;\n    &lt;div class=\"col-lg-12 columnBlockLayout\" style=\"flex-grow: 1; display: flex; flex-direction: column; min-width: 250px; word-break: break-word; padding: 16px; margin: 60px 0px;\"&gt;&lt;iframe frameborder=\"0\" src=\"https://apps.powerapps.com/play/e/4ba207e9-36c7-ebb9-9b2f-1d05fddb69e9/a/4fc37de3-f3c6-48be-a9b0-ddba0d54bac2?tenantId=d7d0db8e-b4f5-4a13-b249-eac8daeb1f06&amp;amp;hint=62682638-7384-42fb-9133-ee732903bed4&amp;amp;sourcetime=1702325341869\" style=\"width: 100%; height: 450px; max-width: 100%;\"&gt;&lt;/iframe&gt;&lt;/div&gt;\n  &lt;/div&gt;\n&lt;/div&gt;\n",
  "publishingstateid": "4161d48c-0abf-4171-8c38-f29d0d0e7f14",
  "enablerating": false,
  "enabletracking": false,
  "excludefromsearch": false,
  "hiddenfromsitemap": true,
  "sharedpageconfiguration": false
}</content>
  <iscustomizable>1</iscustomizable>
  <name>Actividades y Tareas</name>
  <powerpagecomponenttype>2</powerpagecomponenttype>
  <powerpagesiteid>
    <powerpagesiteid>ca28c41b-2827-4acc-a474-8cb2f8593ce4</powerpagesiteid>
  </powerpagesiteid>
  <powerpagesitelanguageid>
    <powerpagesitelanguageid>8fb0612c-5a13-4dcb-8031-0d8874c88351</powerpagesitelanguageid>
  </powerpagesitelanguageid>
  <searchcontent>Actividad&lt;div class="row sectionBlockLayout text-start" style="display: flex; flex-wrap: wrap; margin: 0px; min-height: auto; padding: 8px;"&gt;
  &lt;div class="container" style="display: flex; flex-wrap: wrap;"&gt;
    &lt;div class="col-lg-12 columnBlockLayout" style="flex-grow: 1; display: flex; flex-direction: column; min-width: 250px; word-break: break-word; padding: 16px; margin: 60px 0px;"&gt;&lt;iframe frameborder="0" src="https://apps.powerapps.com/play/e/4ba207e9-36c7-ebb9-9b2f-1d05fddb69e9/a/4fc37de3-f3c6-48be-a9b0-ddba0d54bac2?tenantId=d7d0db8e-b4f5-4a13-b249-eac8daeb1f06&amp;amp;hint=62682638-7384-42fb-9133-ee732903bed4&amp;amp;sourcetime=1702325341869" style="width: 100%; height: 450px; max-width: 100%;"&gt;&lt;/iframe&gt;&lt;/div&gt;
  &lt;/div&gt;
&lt;/div&gt;
Actividades y Tareas</searchcontent>
  <statecode>0</statecode>
  <statuscode>1</statuscode>
</powerpagecomponent>