<powerpagecomponent powerpagecomponentid="0eae5950-167b-4631-8018-ee3ad9543f26">
  <content>{"contentdisposition":756150000,"enabletracking":false,"excludefromsearch":false,"hiddenfromsitemap":false,"parentpageid":"3e2be5f6-112b-478e-92a0-9aaccc5160cd","partialurl":"subpage-one.png","publishingstateid":"4161d48c-0abf-4171-8c38-f29d0d0e7f14"}</content>
  <filecontent mimetype="application/octet-stream">subpage-one.png</filecontent>
  <iscustomizable>1</iscustomizable>
  <name>subpage-one.png</name>
  <powerpagecomponenttype>3</powerpagecomponenttype>
  <powerpagesiteid>
    <powerpagesiteid>ca28c41b-2827-4acc-a474-8cb2f8593ce4</powerpagesiteid>
  </powerpagesiteid>
  <statecode>0</statecode>
  <statuscode>1</statuscode>
</powerpagecomponent>