<powerpagecomponent powerpagecomponentid="30adef7b-9957-466a-81dc-e367ce900916">
  <content>{"createdOn":"2023-11-29T21:52:55.254Z","parentpageid":"2a6443c4-2a6c-4e60-b5e1-052e55ed6880","publishingstateid":"02fae408-0b59-4e83-b136-9c1042c8eabc","partialurl":"SharePoint-Logo.png","title":"","summary":"","enabletracking":false,"excludefromsearch":false,"hiddenfromsitemap":false}</content>
  <filecontent mimetype="image/png">SharePoint-Logo.png</filecontent>
  <iscustomizable>1</iscustomizable>
  <name>SharePoint-Logo.png</name>
  <powerpagecomponenttype>3</powerpagecomponenttype>
  <powerpagesiteid>
    <powerpagesiteid>19779ae1-a185-4d9a-b1d3-74aa6f53866a</powerpagesiteid>
  </powerpagesiteid>
  <statecode>0</statecode>
  <statuscode>1</statuscode>
</powerpagecomponent>