<powerpagecomponent powerpagecomponentid="e8f18fa6-5ddc-4a39-bbe8-86cbc1eae69e">
  <content>{
  "copy": "&lt;div class=\"row sectionBlockLayout text-start\" style=\"display: flex; flex-wrap: wrap; margin: 0px; min-height: auto; padding: 8px;\"&gt;\n  &lt;div class=\"container\" style=\"padding: 0px; display: flex; flex-wrap: wrap;\"&gt;\n    &lt;div class=\"col-lg-12 columnBlockLayout\" style=\"flex-grow: 1; display: flex; flex-direction: column; min-width: 250px; word-break: break-word; margin: 20px 0px; padding: 16px;\"&gt;&lt;button onclick=\"window.location.href='/'\" type=\"button\" value=\"/\" class=\"button1\"&gt;Volver&lt;/button&gt;&lt;/div&gt;\n  &lt;/div&gt;\n&lt;/div&gt;\n&lt;div class=\"row sectionBlockLayout text-start\" style=\"display: flex; flex-wrap: wrap; margin: 0px; min-height: auto; padding: 8px;\"&gt;\n  &lt;div class=\"container\" style=\"padding: 0px; display: flex; flex-wrap: wrap;\"&gt;\n    &lt;div class=\"col-lg-12 columnBlockLayout\" style=\"flex-grow: 1; display: flex; flex-direction: column; min-width: 250px; word-break: break-word; margin: 20px 0px; padding: 16px;\"&gt;&lt;iframe frameborder=\"0\" src=\"https://apps.powerapps.com/play/e/4ba207e9-36c7-ebb9-9b2f-1d05fddb69e9/a/36f28360-7b05-47f6-9760-e53f23021b1a?tenantId=d7d0db8e-b4f5-4a13-b249-eac8daeb1f06&amp;amp;hint=c3858d00-b7d2-49ea-bd11-3fa3aed6871e&amp;amp;sourcetime=1701196306040\" style=\"width: 100%; height: 450px; max-width: 100%;\"&gt;&lt;/iframe&gt;&lt;/div&gt;\n  &lt;/div&gt;\n&lt;/div&gt;\n",
  "displayorder": 2,
  "enablerating": false,
  "enabletracking": false,
  "excludefromsearch": false,
  "feedbackpolicy": 756150000,
  "hiddenfromsitemap": false,
  "isroot": false,
  "pagetemplateid": "97b6250d-674a-47d1-912b-63681d5eebf2",
  "parentpageid": "2a6443c4-2a6c-4e60-b5e1-052e55ed6880",
  "partialurl": "DBSQL",
  "publishingstateid": "02fae408-0b59-4e83-b136-9c1042c8eabc",
  "rootwebpageid": "11aacbb8-e343-484a-bdb0-4bd128c13472",
  "sharedpageconfiguration": true,
  "summary": "&lt;p&gt;Esta es una página de aterrizaje de ejemplo diseñada como punto de partida para su sitio web&lt;/p&gt;",
  "title": "Página"
}</content>
  <iscustomizable>1</iscustomizable>
  <name>Documentos SQL</name>
  <powerpagecomponenttype>2</powerpagecomponenttype>
  <powerpagesiteid>
    <powerpagesiteid>19779ae1-a185-4d9a-b1d3-74aa6f53866a</powerpagesiteid>
  </powerpagesiteid>
  <powerpagesitelanguageid>
    <powerpagesitelanguageid>0f35dd7c-a509-4f24-802c-16d938adb0cb</powerpagesitelanguageid>
  </powerpagesitelanguageid>
  <searchcontent>Página&lt;div class="row sectionBlockLayout text-start" style="display: flex; flex-wrap: wrap; margin: 0px; min-height: auto; padding: 8px;"&gt;
  &lt;div class="container" style="padding: 0px; display: flex; flex-wrap: wrap;"&gt;
    &lt;div class="col-lg-12 columnBlockLayout" style="flex-grow: 1; display: flex; flex-direction: column; min-width: 250px; word-break: break-word; margin: 20px 0px; padding: 16px;"&gt;&lt;button onclick="window.location.href='/'" type="button" value="/" class="button1"&gt;Volver&lt;/button&gt;&lt;/div&gt;
  &lt;/div&gt;
&lt;/div&gt;
&lt;div class="row sectionBlockLayout text-start" style="display: flex; flex-wrap: wrap; margin: 0px; min-height: auto; padding: 8px;"&gt;
  &lt;div class="container" style="padding: 0px; display: flex; flex-wrap: wrap;"&gt;
    &lt;div class="col-lg-12 columnBlockLayout" style="flex-grow: 1; display: flex; flex-direction: column; min-width: 250px; word-break: break-word; margin: 20px 0px; padding: 16px;"&gt;&lt;iframe frameborder="0" src="https://apps.powerapps.com/play/e/4ba207e9-36c7-ebb9-9b2f-1d05fddb69e9/a/36f28360-7b05-47f6-9760-e53f23021b1a?tenantId=d7d0db8e-b4f5-4a13-b249-eac8daeb1f06&amp;amp;hint=c3858d00-b7d2-49ea-bd11-3fa3aed6871e&amp;amp;sourcetime=1701196306040" style="width: 100%; height: 450px; max-width: 100%;"&gt;&lt;/iframe&gt;&lt;/div&gt;
  &lt;/div&gt;
&lt;/div&gt;
Documentos SQL</searchcontent>
  <statecode>0</statecode>
  <statuscode>1</statuscode>
</powerpagecomponent>