<powerpagecomponent powerpagecomponentid="90c2c623-bb87-40ad-98f2-d82983c34713">
  <content>{
  "value": "https://login.windows.net/d7d0db8e-b4f5-4a13-b249-eac8daeb1f06/"
}</content>
  <iscustomizable>1</iscustomizable>
  <name>Authentication/Registration/LoginButtonAuthenticationType</name>
  <powerpagecomponenttype>9</powerpagecomponenttype>
  <powerpagesiteid>
    <powerpagesiteid>19779ae1-a185-4d9a-b1d3-74aa6f53866a</powerpagesiteid>
  </powerpagesiteid>
  <statecode>0</statecode>
  <statuscode>1</statuscode>
</powerpagecomponent>