<powerpagecomponent powerpagecomponentid="616b95cd-f56d-49a1-b20c-43dc9a278d18">
  <content>{"description":"Establece si la plantilla web de encabezado almacena en caché los resultados.","value":"True"}</content>
  <iscustomizable>1</iscustomizable>
  <name>Header/OutputCache/Enabled</name>
  <powerpagecomponenttype>9</powerpagecomponenttype>
  <powerpagesiteid>
    <powerpagesiteid>ca28c41b-2827-4acc-a474-8cb2f8593ce4</powerpagesiteid>
  </powerpagesiteid>
  <statecode>0</statecode>
  <statuscode>1</statuscode>
</powerpagecomponent>