<powerpagecomponent powerpagecomponentid="f5d75399-a675-46fc-943f-f38f2306a757">
  <content>{
  "displayorder": 1,
  "enablerating": false,
  "enabletracking": false,
  "excludefromsearch": false,
  "feedbackpolicy": 756150005,
  "hiddenfromsitemap": false,
  "isroot": true,
  "pagetemplateid": "2425c60e-14d4-4377-9053-410888acb392",
  "partialurl": "/",
  "publishingstateid": "4161d48c-0abf-4171-8c38-f29d0d0e7f14",
  "sharedpageconfiguration": false,
  "title": "Página principal",
  "parentpageid": null
}</content>
  <iscustomizable>1</iscustomizable>
  <name>Inicio</name>
  <powerpagecomponenttype>2</powerpagecomponenttype>
  <powerpagesiteid>
    <powerpagesiteid>ca28c41b-2827-4acc-a474-8cb2f8593ce4</powerpagesiteid>
  </powerpagesiteid>
  <searchcontent>Página principalInicio</searchcontent>
  <statecode>0</statecode>
  <statuscode>1</statuscode>
</powerpagecomponent>