<powerpagecomponent powerpagecomponentid="97953575-9d5e-44cd-bb1c-9548f68cc84f">
  <content>{"status":"enable","selectedThemeId":"e4b7a39b-a92e-4755-9507-c5383356fb2c","siteSettingId":"97953575-9d5e-44cd-bb1c-9548f68cc84f","version":"V2"}</content>
  <iscustomizable>1</iscustomizable>
  <name>ThemeFeature</name>
  <powerpagecomponenttype>9</powerpagecomponenttype>
  <powerpagesiteid>
    <powerpagesiteid>19779ae1-a185-4d9a-b1d3-74aa6f53866a</powerpagesiteid>
  </powerpagesiteid>
  <statecode>0</statecode>
  <statuscode>1</statuscode>
</powerpagecomponent>