<powerpagecomponent powerpagecomponentid="6778fd91-f526-45a1-b14f-796163ccac5c">
  <content>{"contentdisposition":756150000,"enabletracking":false,"excludefromsearch":false,"hiddenfromsitemap":false,"parentpageid":"f5d75399-a675-46fc-943f-f38f2306a757","partialurl":"home-2.png","publishingstateid":"4161d48c-0abf-4171-8c38-f29d0d0e7f14"}</content>
  <filecontent mimetype="application/octet-stream">home-2.png</filecontent>
  <iscustomizable>1</iscustomizable>
  <name>home-2.png</name>
  <powerpagecomponenttype>3</powerpagecomponenttype>
  <powerpagesiteid>
    <powerpagesiteid>ca28c41b-2827-4acc-a474-8cb2f8593ce4</powerpagesiteid>
  </powerpagesiteid>
  <statecode>0</statecode>
  <statuscode>1</statuscode>
</powerpagecomponent>