<powerpagecomponent powerpagecomponentid="6b1a07f9-3bb9-4179-bd62-180a38f141c8">
  <content>{
  "powerpagesitelanguageid": "8fb0612c-5a13-4dcb-8031-0d8874c88351",
  "display_name": "URL del logotipo",
  "type": 756150000,
  "value": "/Nas-Crew-ico 1.png"
}</content>
  <iscustomizable>1</iscustomizable>
  <name>Logo URL</name>
  <powerpagecomponenttype>7</powerpagecomponenttype>
  <powerpagesiteid>
    <powerpagesiteid>ca28c41b-2827-4acc-a474-8cb2f8593ce4</powerpagesiteid>
  </powerpagesiteid>
  <powerpagesitelanguageid>
    <powerpagesitelanguageid>8fb0612c-5a13-4dcb-8031-0d8874c88351</powerpagesitelanguageid>
  </powerpagesitelanguageid>
  <statecode>0</statecode>
  <statuscode>1</statuscode>
</powerpagecomponent>