<powerpagecomponent powerpagecomponentid="5a126522-c847-428c-bbda-5f516415d3f0">
  <content>{"enablerating":false,"enabletracking":false,"excludefromsearch":false,"feedbackpolicy":756150000,"hiddenfromsitemap":true,"isroot":true,"pagetemplateid":"43a8225f-3e49-40f4-881e-9d7cddd8d7ed","parentpageid":"f5d75399-a675-46fc-943f-f38f2306a757","partialurl":"profile","publishingstateid":"4161d48c-0abf-4171-8c38-f29d0d0e7f14","sharedpageconfiguration":false,"title":"Perfil"}</content>
  <iscustomizable>1</iscustomizable>
  <name>Perfil</name>
  <powerpagecomponenttype>2</powerpagecomponenttype>
  <powerpagesiteid>
    <powerpagesiteid>ca28c41b-2827-4acc-a474-8cb2f8593ce4</powerpagesiteid>
  </powerpagesiteid>
  <searchcontent>PerfilPerfil</searchcontent>
  <statecode>0</statecode>
  <statuscode>1</statuscode>
</powerpagecomponent>