<powerpagecomponent powerpagecomponentid="97e179df-2f57-2823-ffca-fa326acb074c">
  <content>{
  "webpageid": "2a6443c4-2a6c-4e60-b5e1-052e55ed6880",
  "right": 2,
  "scope": 2,
  "adx_webpageaccesscontrolrule_webrole": [
    "798a4fa9-6d6e-47da-8794-574fb697d362"
  ]
}</content>
  <iscustomizable>1</iscustomizable>
  <name>Restrict Read on Inicio</name>
  <powerpagecomponenttype>10</powerpagecomponenttype>
  <powerpagesiteid>
    <powerpagesiteid>19779ae1-a185-4d9a-b1d3-74aa6f53866a</powerpagesiteid>
  </powerpagesiteid>
  <statecode>0</statecode>
  <statuscode>1</statuscode>
</powerpagecomponent>