<powerpagecomponent powerpagecomponentid="f04efc50-110a-4234-bf4d-af12b84f36ae">
  <content>{"display_name":"Búsqueda/Título","type":756150000,"value":"&lt;span&gt;Buscar&lt;/span&gt;\r\n"}</content>
  <iscustomizable>1</iscustomizable>
  <name>Search/Title</name>
  <powerpagecomponenttype>7</powerpagecomponenttype>
  <powerpagesiteid>
    <powerpagesiteid>ca28c41b-2827-4acc-a474-8cb2f8593ce4</powerpagesiteid>
  </powerpagesiteid>
  <powerpagesitelanguageid>
    <powerpagesitelanguageid>8fb0612c-5a13-4dcb-8031-0d8874c88351</powerpagesitelanguageid>
  </powerpagesitelanguageid>
  <statecode>0</statecode>
  <statuscode>1</statuscode>
</powerpagecomponent>