<powerpagecomponent powerpagecomponentid="854feae7-1cc7-4b00-b746-1d82b4f7bd9c">
  <content>{"description":"Establece si la plantilla web de encabezado almacena en caché los resultados.","value":"True"}</content>
  <iscustomizable>1</iscustomizable>
  <name>Header/OutputCache/Enabled</name>
  <powerpagecomponenttype>9</powerpagecomponenttype>
  <powerpagesiteid>
    <powerpagesiteid>19779ae1-a185-4d9a-b1d3-74aa6f53866a</powerpagesiteid>
  </powerpagesiteid>
  <statecode>0</statecode>
  <statuscode>1</statuscode>
</powerpagecomponent>