<powerpagecomponent powerpagecomponentid="d649d1e5-ef70-2c81-8f8d-b41eca50a38f">
  <content>{
  "webpageid": "92cc3162-55cf-4cfb-95fa-fc16d1db58c2",
  "right": 2,
  "scope": 1,
  "adx_webpageaccesscontrolrule_webrole": [
    "e9ccee6a-00d8-4e84-ad9f-a2a07531faf6"
  ]
}</content>
  <iscustomizable>1</iscustomizable>
  <name>Restrict Read on SharePoint</name>
  <powerpagecomponenttype>10</powerpagecomponenttype>
  <powerpagesiteid>
    <powerpagesiteid>ca28c41b-2827-4acc-a474-8cb2f8593ce4</powerpagesiteid>
  </powerpagesiteid>
  <statecode>0</statecode>
  <statuscode>1</statuscode>
</powerpagecomponent>