<powerpagecomponent powerpagecomponentid="de14bd56-095d-59cc-2227-3978d68c7496">
  <content>{
  "displayorder": 2,
  "parentweblinkid": "df65632d-77ba-c974-ce37-b2dcc371dbfe",
  "weblinksetid": "630598dc-08d5-44ca-bee5-7cb2cf257f14",
  "pageid": "178be3d5-042d-e65a-c2ef-007bbfd861f2",
  "publishingstateid": "4161d48c-0abf-4171-8c38-f29d0d0e7f14",
  "displaypagevalidation": false,
  "displayimageonly": false,
  "displaypagechildlinks": false,
  "openinnewwindow": false,
  "robotsfollowlink": true
}</content>
  <iscustomizable>1</iscustomizable>
  <name>Actividades y Tareas</name>
  <powerpagecomponenttype>5</powerpagecomponenttype>
  <powerpagesiteid>
    <powerpagesiteid>ca28c41b-2827-4acc-a474-8cb2f8593ce4</powerpagesiteid>
  </powerpagesiteid>
  <statecode>0</statecode>
  <statuscode>1</statuscode>
</powerpagecomponent>