<powerpagecomponent powerpagecomponentid="b3d4d8f9-c304-4d9f-bd13-8f203332d237">
  <content>{"enablerating":false,"enabletracking":false,"excludefromsearch":false,"feedbackpolicy":756150000,"hiddenfromsitemap":true,"isroot":true,"pagetemplateid":"d5b1ada0-6ebe-4022-a6ca-656ad125e322","parentpageid":"f5d75399-a675-46fc-943f-f38f2306a757","partialurl":"search","publishingstateid":"4161d48c-0abf-4171-8c38-f29d0d0e7f14","sharedpageconfiguration":false,"title":""}</content>
  <iscustomizable>1</iscustomizable>
  <name>Búsqueda</name>
  <powerpagecomponenttype>2</powerpagecomponenttype>
  <powerpagesiteid>
    <powerpagesiteid>ca28c41b-2827-4acc-a474-8cb2f8593ce4</powerpagesiteid>
  </powerpagesiteid>
  <searchcontent>Búsqueda</searchcontent>
  <statecode>0</statecode>
  <statuscode>1</statuscode>
</powerpagecomponent>