<powerpagecomponent powerpagecomponentid="ce605719-0aab-4722-8a25-79d58f00bbb9">
  <content>{"enablerating":false,"enabletracking":false,"excludefromsearch":false,"feedbackpolicy":756150000,"hiddenfromsitemap":true,"isroot":false,"pagetemplateid":"2d3d76d7-6ddf-43d0-aa74-24d169c254df","parentpageid":"2a6443c4-2a6c-4e60-b5e1-052e55ed6880","partialurl":"search","publishingstateid":"02fae408-0b59-4e83-b136-9c1042c8eabc","rootwebpageid":"da4907e3-9fe0-46aa-b9ec-13bd4192f2b4","sharedpageconfiguration":false,"title":""}</content>
  <iscustomizable>1</iscustomizable>
  <name>Búsqueda</name>
  <powerpagecomponenttype>2</powerpagecomponenttype>
  <powerpagesiteid>
    <powerpagesiteid>19779ae1-a185-4d9a-b1d3-74aa6f53866a</powerpagesiteid>
  </powerpagesiteid>
  <powerpagesitelanguageid>
    <powerpagesitelanguageid>0f35dd7c-a509-4f24-802c-16d938adb0cb</powerpagesitelanguageid>
  </powerpagesitelanguageid>
  <searchcontent>Búsqueda</searchcontent>
  <statecode>0</statecode>
  <statuscode>1</statuscode>
</powerpagecomponent>