<powerpagecomponent powerpagecomponentid="3c0c14a1-a94a-4eb1-8c77-0230f1bd7ac2">
  <content>{
  "powerpagesitelanguageid": "0f35dd7c-a509-4f24-802c-16d938adb0cb",
  "display_name": "Nombre del sitio",
  "type": 756150000,
  "value": ""
}</content>
  <iscustomizable>1</iscustomizable>
  <name>Site name</name>
  <powerpagecomponenttype>7</powerpagecomponenttype>
  <powerpagesiteid>
    <powerpagesiteid>19779ae1-a185-4d9a-b1d3-74aa6f53866a</powerpagesiteid>
  </powerpagesiteid>
  <powerpagesitelanguageid>
    <powerpagesitelanguageid>0f35dd7c-a509-4f24-802c-16d938adb0cb</powerpagesitelanguageid>
  </powerpagesitelanguageid>
  <statecode>0</statecode>
  <statuscode>1</statuscode>
</powerpagecomponent>