<powerpagecomponent powerpagecomponentid="2a6443c4-2a6c-4e60-b5e1-052e55ed6880">
  <content>{
  "displayorder": 1,
  "enablerating": false,
  "enabletracking": false,
  "excludefromsearch": false,
  "feedbackpolicy": 756150005,
  "hiddenfromsitemap": false,
  "isroot": true,
  "pagetemplateid": "97b6250d-674a-47d1-912b-63681d5eebf2",
  "partialurl": "/",
  "publishingstateid": "02fae408-0b59-4e83-b136-9c1042c8eabc",
  "sharedpageconfiguration": false,
  "title": "Página principal",
  "parentpageid": null
}</content>
  <iscustomizable>1</iscustomizable>
  <name>Inicio</name>
  <powerpagecomponenttype>2</powerpagecomponenttype>
  <powerpagesiteid>
    <powerpagesiteid>19779ae1-a185-4d9a-b1d3-74aa6f53866a</powerpagesiteid>
  </powerpagesiteid>
  <searchcontent>Página principalInicio</searchcontent>
  <statecode>0</statecode>
  <statuscode>1</statuscode>
</powerpagecomponent>