<powerpagecomponent powerpagecomponentid="20850c98-d6da-44fa-9718-3124cb62d383">
  <content>{"adx_websiteaccess_webrole":["e9ccee6a-00d8-4e84-ad9f-a2a07531faf6"],"managecontentsnippets":true,"managesitemarkers":true,"manageweblinksets":true,"previewunpublishedentities":true}</content>
  <iscustomizable>1</iscustomizable>
  <name>Permisos administrativos para el diseño del sitio 005</name>
  <powerpagecomponenttype>12</powerpagecomponenttype>
  <powerpagesiteid>
    <powerpagesiteid>ca28c41b-2827-4acc-a474-8cb2f8593ce4</powerpagesiteid>
  </powerpagesiteid>
  <statecode>0</statecode>
  <statuscode>1</statuscode>
</powerpagecomponent>