<powerpagecomponent powerpagecomponentid="78ed5e0a-c3fd-467f-9b72-ba204c2d9a4a">
  <content>{"contentdisposition":756150000,"displayorder":10,"enabletracking":false,"excludefromsearch":true,"hiddenfromsitemap":false,"parentpageid":"f5d75399-a675-46fc-943f-f38f2306a757","partialurl":"portalbasictheme.css","publishingstateid":"4161d48c-0abf-4171-8c38-f29d0d0e7f14"}</content>
  <filecontent mimetype="text/css">portalbasictheme.css</filecontent>
  <iscustomizable>1</iscustomizable>
  <name>portalbasictheme.css</name>
  <powerpagecomponenttype>3</powerpagecomponenttype>
  <powerpagesiteid>
    <powerpagesiteid>ca28c41b-2827-4acc-a474-8cb2f8593ce4</powerpagesiteid>
  </powerpagesiteid>
  <statecode>0</statecode>
  <statuscode>1</statuscode>
</powerpagecomponent>