<powerpagecomponent powerpagecomponentid="f8bfa070-aaec-4987-b06f-7a0ad7ede195">
  <content>{"createdOn":"2023-11-08T18:53:16.015Z","parentpageid":"f5d75399-a675-46fc-943f-f38f2306a757","publishingstateid":"4161d48c-0abf-4171-8c38-f29d0d0e7f14","partialurl":"thumbnail.css","title":"","summary":"","enabletracking":false,"excludefromsearch":false,"hiddenfromsitemap":false,"displayorder":-1}</content>
  <filecontent mimetype="text/css">thumbnail.css</filecontent>
  <iscustomizable>1</iscustomizable>
  <name>thumbnail.css</name>
  <powerpagecomponenttype>3</powerpagecomponenttype>
  <powerpagesiteid>
    <powerpagesiteid>ca28c41b-2827-4acc-a474-8cb2f8593ce4</powerpagesiteid>
  </powerpagesiteid>
  <statecode>0</statecode>
  <statuscode>1</statuscode>
</powerpagecomponent>