<powerpagecomponent powerpagecomponentid="e9e93abe-47d9-41aa-a1b4-9cd992713d03">
  <content>{
  "powerpagesitelanguageid": "0f35dd7c-a509-4f24-802c-16d938adb0cb",
  "display_name": "URL del logotipo",
  "type": 756150000,
  "value": "/Nas-Crew-ico 1.png"
}</content>
  <iscustomizable>1</iscustomizable>
  <name>Logo URL</name>
  <powerpagecomponenttype>7</powerpagecomponenttype>
  <powerpagesiteid>
    <powerpagesiteid>19779ae1-a185-4d9a-b1d3-74aa6f53866a</powerpagesiteid>
  </powerpagesiteid>
  <powerpagesitelanguageid>
    <powerpagesitelanguageid>0f35dd7c-a509-4f24-802c-16d938adb0cb</powerpagesitelanguageid>
  </powerpagesitelanguageid>
  <statecode>1</statecode>
  <statuscode>2</statuscode>
</powerpagecomponent>