<powerpagecomponent powerpagecomponentid="e169f079-aaa1-4feb-85b8-2352e440400b">
  <content>{"enablerating":false,"enabletracking":false,"excludefromsearch":true,"feedbackpolicy":756150000,"hiddenfromsitemap":true,"isroot":true,"pagetemplateid":"97b6250d-674a-47d1-912b-63681d5eebf2","parentpageid":"2a6443c4-2a6c-4e60-b5e1-052e55ed6880","partialurl":"access-denied","publishingstateid":"02fae408-0b59-4e83-b136-9c1042c8eabc","sharedpageconfiguration":false,"title":""}</content>
  <iscustomizable>1</iscustomizable>
  <name>Acceso denegado</name>
  <powerpagecomponenttype>2</powerpagecomponenttype>
  <powerpagesiteid>
    <powerpagesiteid>19779ae1-a185-4d9a-b1d3-74aa6f53866a</powerpagesiteid>
  </powerpagesiteid>
  <searchcontent>Acceso denegado</searchcontent>
  <statecode>0</statecode>
  <statuscode>1</statuscode>
</powerpagecomponent>