<powerpagecomponent powerpagecomponentid="804b638d-904a-485d-aa22-2840abcbef5b">
  <content>{"copy":"&lt;div class='row sectionBlockLayout' style='display: flex; flex-wrap: wrap; min-height: 50px; background: var(--portalThemeColor5);'&gt;&lt;/div&gt;\r\n&lt;div class='row sectionBlockLayout' style='display: flex; flex-wrap: wrap; min-height: 50px; background: var(--portalThemeColor6);'&gt;&lt;/div&gt;\r\n&lt;div class='row sectionBlockLayout' style='display: flex; flex-wrap: wrap; text-align: left; min-height: 374px;'&gt;\r\n  &lt;div class='container' style='padding: 0px; display: flex; flex-wrap: wrap;'&gt;\r\n    &lt;div class='col-md-12 columnBlockLayout' style='flex-grow: 1; display: flex; flex-direction: column; min-width: 300px; padding: 16px;'&gt;\r\n      &lt;img src='/Cat-PC.png' alt='Gato' name='Cat-PC.png' style='width: 200px; height: 161px; margin-left: auto; margin-right: auto;' tabindex='0'&gt;\r\n      &lt;h2 style='text-align: center; color: var(--portalThemeColor4);'&gt;Página no encontrada&lt;/h2&gt;\r\n      &lt;p style='text-align: center; color: var(--portalThemeColor8);'&gt;Compruebe el vínculo e inténtelo de nuevo&lt;/p&gt;\r\n    &lt;/div&gt;\r\n  &lt;/div&gt;\r\n&lt;/div&gt;\r\n&lt;div class='row sectionBlockLayout' style='display: flex; flex-wrap: wrap; min-height: 315px; background: var(--portalThemeColor1);'&gt;&lt;/div&gt;\r\n","enablerating":false,"enabletracking":false,"excludefromsearch":true,"feedbackpolicy":756150000,"hiddenfromsitemap":true,"isroot":false,"pagetemplateid":"2425c60e-14d4-4377-9053-410888acb392","parentpageid":"f5d75399-a675-46fc-943f-f38f2306a757","partialurl":"page-not-found","publishingstateid":"4161d48c-0abf-4171-8c38-f29d0d0e7f14","rootwebpageid":"ba0c00f7-3226-4016-916c-f79a4f2c0028","sharedpageconfiguration":false,"title":""}</content>
  <iscustomizable>1</iscustomizable>
  <name>Página no encontrada</name>
  <powerpagecomponenttype>2</powerpagecomponenttype>
  <powerpagesiteid>
    <powerpagesiteid>ca28c41b-2827-4acc-a474-8cb2f8593ce4</powerpagesiteid>
  </powerpagesiteid>
  <powerpagesitelanguageid>
    <powerpagesitelanguageid>8fb0612c-5a13-4dcb-8031-0d8874c88351</powerpagesitelanguageid>
  </powerpagesitelanguageid>
  <searchcontent>&lt;div class='row sectionBlockLayout' style='display: flex; flex-wrap: wrap; min-height: 50px; background: var(--portalThemeColor5);'&gt;&lt;/div&gt;
&lt;div class='row sectionBlockLayout' style='display: flex; flex-wrap: wrap; min-height: 50px; background: var(--portalThemeColor6);'&gt;&lt;/div&gt;
&lt;div class='row sectionBlockLayout' style='display: flex; flex-wrap: wrap; text-align: left; min-height: 374px;'&gt;
  &lt;div class='container' style='padding: 0px; display: flex; flex-wrap: wrap;'&gt;
    &lt;div class='col-md-12 columnBlockLayout' style='flex-grow: 1; display: flex; flex-direction: column; min-width: 300px; padding: 16px;'&gt;
      &lt;img src='/Cat-PC.png' alt='Gato' name='Cat-PC.png' style='width: 200px; height: 161px; margin-left: auto; margin-right: auto;' tabindex='0'&gt;
      &lt;h2 style='text-align: center; color: var(--portalThemeColor4);'&gt;Página no encontrada&lt;/h2&gt;
      &lt;p style='text-align: center; color: var(--portalThemeColor8);'&gt;Compruebe el vínculo e inténtelo de nuevo&lt;/p&gt;
    &lt;/div&gt;
  &lt;/div&gt;
&lt;/div&gt;
&lt;div class='row sectionBlockLayout' style='display: flex; flex-wrap: wrap; min-height: 315px; background: var(--portalThemeColor1);'&gt;&lt;/div&gt;
Página no encontrada</searchcontent>
  <statecode>0</statecode>
  <statuscode>1</statuscode>
</powerpagecomponent>