<powerpagecomponent powerpagecomponentid="d080427b-4992-4d75-ae3c-53fd9999fa9f">
  <content>{
  "powerpagesitelanguageid": "8fb0612c-5a13-4dcb-8031-0d8874c88351",
  "display_name": "Nombre del sitio",
  "type": 756150000,
  "value": "Nas Crew"
}</content>
  <iscustomizable>1</iscustomizable>
  <name>Site name</name>
  <powerpagecomponenttype>7</powerpagecomponenttype>
  <powerpagesiteid>
    <powerpagesiteid>ca28c41b-2827-4acc-a474-8cb2f8593ce4</powerpagesiteid>
  </powerpagesiteid>
  <powerpagesitelanguageid>
    <powerpagesitelanguageid>8fb0612c-5a13-4dcb-8031-0d8874c88351</powerpagesitelanguageid>
  </powerpagesitelanguageid>
  <statecode>0</statecode>
  <statuscode>1</statuscode>
</powerpagecomponent>