<powerpagecomponent powerpagecomponentid="96edde30-1a1d-45d7-9480-799807e4da0e">
  <content>{"contentdisposition":756150000,"enabletracking":false,"excludefromsearch":false,"hiddenfromsitemap":false,"parentpageid":"0e123234-2ba8-4788-84df-803140e2bfe0","partialurl":"subpage-one.png","publishingstateid":"02fae408-0b59-4e83-b136-9c1042c8eabc"}</content>
  <filecontent mimetype="application/octet-stream">subpage-one.png</filecontent>
  <iscustomizable>1</iscustomizable>
  <name>subpage-one.png</name>
  <powerpagecomponenttype>3</powerpagecomponenttype>
  <powerpagesiteid>
    <powerpagesiteid>19779ae1-a185-4d9a-b1d3-74aa6f53866a</powerpagesiteid>
  </powerpagesiteid>
  <statecode>0</statecode>
  <statuscode>1</statuscode>
</powerpagecomponent>