<powerpagecomponent powerpagecomponentid="f968af8d-8622-432e-b4d9-20ec5c8a8a50">
  <content>{"description":"Establece si la plantilla web de pie de página almacena en caché los resultados.","value":"True"}</content>
  <iscustomizable>1</iscustomizable>
  <name>Footer/OutputCache/Enabled</name>
  <powerpagecomponenttype>9</powerpagecomponenttype>
  <powerpagesiteid>
    <powerpagesiteid>19779ae1-a185-4d9a-b1d3-74aa6f53866a</powerpagesiteid>
  </powerpagesiteid>
  <statecode>0</statecode>
  <statuscode>1</statuscode>
</powerpagecomponent>