<powerpagecomponent powerpagecomponentid="ba0c00f7-3226-4016-916c-f79a4f2c0028">
  <content>{"enablerating":false,"enabletracking":false,"excludefromsearch":true,"feedbackpolicy":756150000,"hiddenfromsitemap":true,"isroot":true,"pagetemplateid":"2425c60e-14d4-4377-9053-410888acb392","parentpageid":"f5d75399-a675-46fc-943f-f38f2306a757","partialurl":"page-not-found","publishingstateid":"4161d48c-0abf-4171-8c38-f29d0d0e7f14","sharedpageconfiguration":false,"title":""}</content>
  <iscustomizable>1</iscustomizable>
  <name>Página no encontrada</name>
  <powerpagecomponenttype>2</powerpagecomponenttype>
  <powerpagesiteid>
    <powerpagesiteid>ca28c41b-2827-4acc-a474-8cb2f8593ce4</powerpagesiteid>
  </powerpagesiteid>
  <searchcontent>Página no encontrada</searchcontent>
  <statecode>0</statecode>
  <statuscode>1</statuscode>
</powerpagecomponent>