<powerpagecomponent powerpagecomponentid="35403cd4-ef78-4fff-82ad-84426c2d0fc0">
  <content>{"copy":"&lt;p&gt;Proporcione cierta información sobre usted.&lt;/p&gt;\r\n\r\n&lt;p&gt;El &lt;strong&gt;Nombre de pila&lt;/strong&gt; y los &lt;strong&gt;Apellidos &lt;/strong&gt;que proporcione aparecerán junto a todos los comentarios, entradas de foros o ideas que aporte al sitio.&lt;/p&gt;\r\n\r\n&lt;p&gt;La &lt;strong&gt;Dirección de correo electrónico&lt;/strong&gt; y el número de &lt;strong&gt;Teléfono&lt;/strong&gt; no se mostrarán en el sitio.&lt;/p&gt;\r\n\r\n&lt;p&gt;El &lt;strong&gt;Nombre de la organización&lt;/strong&gt; y el &lt;strong&gt;Cargo&lt;/strong&gt; son opcionales. Se mostrarán junto con sus comentarios y entradas de foros.&lt;/p&gt;","enablerating":false,"enabletracking":false,"excludefromsearch":false,"feedbackpolicy":756150000,"hiddenfromsitemap":true,"isroot":false,"pagetemplateid":"43a8225f-3e49-40f4-881e-9d7cddd8d7ed","parentpageid":"f5d75399-a675-46fc-943f-f38f2306a757","partialurl":"profile","publishingstateid":"4161d48c-0abf-4171-8c38-f29d0d0e7f14","rootwebpageid":"5a126522-c847-428c-bbda-5f516415d3f0","sharedpageconfiguration":false,"title":"Perfil"}</content>
  <iscustomizable>1</iscustomizable>
  <name>Perfil</name>
  <powerpagecomponenttype>2</powerpagecomponenttype>
  <powerpagesiteid>
    <powerpagesiteid>ca28c41b-2827-4acc-a474-8cb2f8593ce4</powerpagesiteid>
  </powerpagesiteid>
  <powerpagesitelanguageid>
    <powerpagesitelanguageid>8fb0612c-5a13-4dcb-8031-0d8874c88351</powerpagesitelanguageid>
  </powerpagesitelanguageid>
  <searchcontent>Perfil&lt;p&gt;Proporcione cierta información sobre usted.&lt;/p&gt;

&lt;p&gt;El &lt;strong&gt;Nombre de pila&lt;/strong&gt; y los &lt;strong&gt;Apellidos &lt;/strong&gt;que proporcione aparecerán junto a todos los comentarios, entradas de foros o ideas que aporte al sitio.&lt;/p&gt;

&lt;p&gt;La &lt;strong&gt;Dirección de correo electrónico&lt;/strong&gt; y el número de &lt;strong&gt;Teléfono&lt;/strong&gt; no se mostrarán en el sitio.&lt;/p&gt;

&lt;p&gt;El &lt;strong&gt;Nombre de la organización&lt;/strong&gt; y el &lt;strong&gt;Cargo&lt;/strong&gt; son opcionales. Se mostrarán junto con sus comentarios y entradas de foros.&lt;/p&gt;Perfil</searchcontent>
  <statecode>0</statecode>
  <statuscode>1</statuscode>
</powerpagecomponent>