<powerpagecomponent powerpagecomponentid="d8878dfe-87bf-4f60-a55f-34742c8a1c10">
  <content>{"createdOn":"2023-11-29T21:19:40.130Z","parentpageid":"2a6443c4-2a6c-4e60-b5e1-052e55ed6880","publishingstateid":"02fae408-0b59-4e83-b136-9c1042c8eabc","partialurl":"Nas-Crew-ico 1.png","title":"","summary":"","enabletracking":false,"excludefromsearch":false,"hiddenfromsitemap":false}</content>
  <filecontent mimetype="image/png">Nas-Crew-ico%20(1).png</filecontent>
  <iscustomizable>1</iscustomizable>
  <name>Nas-Crew-ico (1).png</name>
  <powerpagecomponenttype>3</powerpagecomponenttype>
  <powerpagesiteid>
    <powerpagesiteid>19779ae1-a185-4d9a-b1d3-74aa6f53866a</powerpagesiteid>
  </powerpagesiteid>
  <statecode>0</statecode>
  <statuscode>1</statuscode>
</powerpagecomponent>