<powerpagecomponent powerpagecomponentid="3aac2589-9401-4c98-b2c2-d4061a312857">
  <content>{"source":"&lt;ul class='dropdown-menu' role='menu'&gt;\r\n  {% assign ordered_languages = page.languages | order_by: 'name' %}\r\n  {% for language in ordered_languages %}\r\n    &lt;li role='menuitem'&gt;\r\n      &lt;a class=\"dropdown-item\"  href='/{{ language.url_substitution }}' title='{{ language.name }}' data-code='{{ language.code }}'&gt;{{ language.name }}&lt;/a&gt;\r\n    &lt;/li&gt;\r\n  {% endfor %}\r\n&lt;/ul&gt;\r\n\r\n"}</content>
  <iscustomizable>1</iscustomizable>
  <name>Languages Dropdown</name>
  <powerpagecomponenttype>8</powerpagecomponenttype>
  <powerpagesiteid>
    <powerpagesiteid>ca28c41b-2827-4acc-a474-8cb2f8593ce4</powerpagesiteid>
  </powerpagesiteid>
  <statecode>0</statecode>
  <statuscode>1</statuscode>
</powerpagecomponent>