<powerpagecomponent powerpagecomponentid="b403444c-f745-418a-b1be-fd8c7becd705">
  <content>{"adx_webpageaccesscontrolrule_webrole":["798a4fa9-6d6e-47da-8794-574fb697d362"],"right":1,"scope":1,"webpageid":"2a6443c4-2a6c-4e60-b5e1-052e55ed6880"}</content>
  <iscustomizable>1</iscustomizable>
  <name>Conceder cambio a administradores</name>
  <powerpagecomponenttype>10</powerpagecomponenttype>
  <powerpagesiteid>
    <powerpagesiteid>19779ae1-a185-4d9a-b1d3-74aa6f53866a</powerpagesiteid>
  </powerpagesiteid>
  <statecode>0</statecode>
  <statuscode>1</statuscode>
</powerpagecomponent>