<powerpagecomponent powerpagecomponentid="fc5e7831-a4cc-04ad-0240-1a6e884b065f">
  <content>{
  "displayorder": 3,
  "weblinksetid": "552bb2b0-a548-4ae7-9a68-9e272b38ea37",
  "pageid": "e424d290-8589-87e8-1d47-014e87927b9c",
  "publishingstateid": "02fae408-0b59-4e83-b136-9c1042c8eabc",
  "displaypagevalidation": false,
  "displayimageonly": false,
  "displaypagechildlinks": false,
  "openinnewwindow": false,
  "robotsfollowlink": true
}</content>
  <iscustomizable>1</iscustomizable>
  <name>Actividades y tareas</name>
  <powerpagecomponenttype>5</powerpagecomponenttype>
  <powerpagesiteid>
    <powerpagesiteid>19779ae1-a185-4d9a-b1d3-74aa6f53866a</powerpagesiteid>
  </powerpagesiteid>
  <statecode>1</statecode>
  <statuscode>2</statuscode>
</powerpagecomponent>