<powerpagecomponent powerpagecomponentid="d829c155-5ced-4aca-9cea-9fd8431a3a78">
  <content>{"description":"Configuración del sitio que controla la profundidad de la jerarquía de la página web que se clona en un idioma compatible recién agregado. Los conjuntos de vínculos web y fragmentos de contenido se clonarán en el idioma recién agregado cuando se clonen las páginas web.","value":"3"}</content>
  <iscustomizable>1</iscustomizable>
  <name>MultiLanguage/MaximumDepthToClone</name>
  <powerpagecomponenttype>9</powerpagecomponenttype>
  <powerpagesiteid>
    <powerpagesiteid>ca28c41b-2827-4acc-a474-8cb2f8593ce4</powerpagesiteid>
  </powerpagesiteid>
  <statecode>0</statecode>
  <statuscode>1</statuscode>
</powerpagecomponent>