<powerpagecomponent powerpagecomponentid="ad7adcf7-4439-412f-9c9d-0c9bab93b00e">
  <content>{"source":"&lt;div class=\"page-copy\"&gt;\r\n {% editable page 'adx_copy' type: 'html', liquid: true %}\r\n&lt;/div&gt;\r\n"}</content>
  <iscustomizable>1</iscustomizable>
  <name>Page Copy</name>
  <powerpagecomponenttype>8</powerpagecomponenttype>
  <powerpagesiteid>
    <powerpagesiteid>19779ae1-a185-4d9a-b1d3-74aa6f53866a</powerpagesiteid>
  </powerpagesiteid>
  <statecode>0</statecode>
  <statuscode>1</statuscode>
</powerpagecomponent>