<powerpagecomponent powerpagecomponentid="178be3d5-042d-e65a-c2ef-007bbfd861f2">
  <content>{
  "displayorder": 2,
  "customcss": "",
  "customjavascript": "",
  "pagetemplateid": "2425c60e-14d4-4377-9053-410888acb392",
  "parentpageid": "07ba4b0c-7fa3-c59f-ce9c-6209c05b1bd6",
  "partialurl": "Actividad",
  "isroot": true,
  "title": "Actividad",
  "summary": "&lt;p&gt;Esta es una página de aterrizaje de ejemplo diseñada como punto de partida para su sitio web.&lt;/p&gt;",
  "copy": "",
  "publishingstateid": "4161d48c-0abf-4171-8c38-f29d0d0e7f14",
  "enablerating": false,
  "enabletracking": false,
  "excludefromsearch": false,
  "hiddenfromsitemap": true,
  "sharedpageconfiguration": false
}</content>
  <iscustomizable>1</iscustomizable>
  <name>Actividades y Tareas</name>
  <powerpagecomponenttype>2</powerpagecomponenttype>
  <powerpagesiteid>
    <powerpagesiteid>ca28c41b-2827-4acc-a474-8cb2f8593ce4</powerpagesiteid>
  </powerpagesiteid>
  <searchcontent>ActividadActividades y Tareas</searchcontent>
  <statecode>0</statecode>
  <statuscode>1</statuscode>
</powerpagecomponent>