<powerpagecomponent powerpagecomponentid="126f8551-60ce-4d43-8e35-f53d66d3644d">
  <content>{"contentdisposition":756150000,"displayorder":1,"enabletracking":false,"excludefromsearch":true,"hiddenfromsitemap":true,"parentpageid":"f5d75399-a675-46fc-943f-f38f2306a757","partialurl":"bootstrap.min.css","publishingstateid":"4161d48c-0abf-4171-8c38-f29d0d0e7f14"}</content>
  <filecontent mimetype="application/octet-stream">bootstrap.min.css</filecontent>
  <iscustomizable>1</iscustomizable>
  <name>bootstrap.min.css</name>
  <powerpagecomponenttype>3</powerpagecomponenttype>
  <powerpagesiteid>
    <powerpagesiteid>ca28c41b-2827-4acc-a474-8cb2f8593ce4</powerpagesiteid>
  </powerpagesiteid>
  <statecode>0</statecode>
  <statuscode>1</statuscode>
</powerpagecomponent>