<powerpagecomponent powerpagecomponentid="19ff63c4-ec0e-4f64-990a-69da8140617a">
  <content>{"createdOn":"2023-11-08T19:24:47.687Z","parentpageid":"f5d75399-a675-46fc-943f-f38f2306a757","publishingstateid":"4161d48c-0abf-4171-8c38-f29d0d0e7f14","partialurl":"Nas-Crew-ico 1.png","title":"","summary":"","enabletracking":false,"excludefromsearch":false,"hiddenfromsitemap":false}</content>
  <filecontent mimetype="image/png">Nas-Crew-ico%20(1).png</filecontent>
  <iscustomizable>1</iscustomizable>
  <name>Nas-Crew-ico (1).png</name>
  <powerpagecomponenttype>3</powerpagecomponenttype>
  <powerpagesiteid>
    <powerpagesiteid>ca28c41b-2827-4acc-a474-8cb2f8593ce4</powerpagesiteid>
  </powerpagesiteid>
  <statecode>0</statecode>
  <statuscode>1</statuscode>
</powerpagecomponent>