<powerpagecomponent powerpagecomponentid="ab734d7a-86db-4e53-a007-c8b33c61e48a">
  <content>{
  "copy": "&lt;div class=\"row sectionBlockLayout text-start\" style=\"display: flex; flex-wrap: wrap; margin: 0px; min-height: auto; padding: 8px;\"&gt;\n  &lt;div class=\"container\" style=\"padding: 0px; display: flex; flex-wrap: wrap; column-gap: 0px;\"&gt;\n    &lt;div class=\"col-lg-6 columnBlockLayout\" style=\"flex-grow: 1; display: flex; flex-direction: column; min-width: 250px; word-break: break-word; margin: 0px; padding: 0px; width: calc(50% - 0px);\"&gt;&lt;button onclick=\"window.location.href='/'\" type=\"button\" value=\"/\" class=\"button1\" style=\"margin-left: auto; margin-right: auto;\"&gt;Volver&lt;/button&gt;&lt;/div&gt;\n    &lt;div class=\"col-lg-6 columnBlockLayout\" style=\"flex-grow: 1; display: flex; flex-direction: column; min-width: 250px; word-break: break-word; margin: 0px; padding: 0px; width: calc(50% - 0px);\"&gt;&lt;button onclick=\"window.location.href='/DBSQL/SubirSharepoint'\" type=\"button\" value=\"SubirSharepoint\" class=\"button1\" style=\"margin-left: auto; margin-right: auto;\"&gt;Subir Archivos&lt;/button&gt;&lt;/div&gt;\n  &lt;/div&gt;\n&lt;/div&gt;\n&lt;div class=\"row sectionBlockLayout text-start\" style=\"display: flex; flex-wrap: wrap; margin: 0px; min-height: auto; padding: 8px;\"&gt;\n  &lt;div class=\"container\" style=\"padding: 0px; display: flex; flex-wrap: wrap; column-gap: 6px;\"&gt;\n    &lt;div class=\"col-lg-12 columnBlockLayout\" style=\"flex-grow: 1; display: flex; flex-direction: column; min-width: 250px; word-break: break-word; margin: 5px 0px; padding: 16px; width: calc(100% - 0px);\"&gt;&lt;iframe frameborder=\"0\" src=\"https://apps.powerapps.com/play/e/4ba207e9-36c7-ebb9-9b2f-1d05fddb69e9/a/cae63494-2fe9-49ec-a6da-e6aae7cb1ead?tenantId=d7d0db8e-b4f5-4a13-b249-eac8daeb1f06&amp;amp;hint=74fc9787-751e-473c-9224-f2c9fb95abf9&amp;amp;sourcetime=1701890260200\" style=\"width: 137.97%; height: 385px; max-width: 100%; margin-left: auto; margin-right: auto;\"&gt;&lt;/iframe&gt;&lt;/div&gt;\n  &lt;/div&gt;\n&lt;/div&gt;\n",
  "displayorder": 2,
  "enablerating": false,
  "enabletracking": false,
  "excludefromsearch": false,
  "feedbackpolicy": 756150000,
  "hiddenfromsitemap": false,
  "isroot": false,
  "pagetemplateid": "97b6250d-674a-47d1-912b-63681d5eebf2",
  "parentpageid": "11aacbb8-e343-484a-bdb0-4bd128c13472",
  "partialurl": "Visualizar-Documentos",
  "publishingstateid": "02fae408-0b59-4e83-b136-9c1042c8eabc",
  "rootwebpageid": "f57eb499-b529-49db-8e98-abefaf191433",
  "sharedpageconfiguration": true,
  "summary": "&lt;p&gt;Esta es una página de aterrizaje de ejemplo diseñada como punto de partida para su sitio web&lt;/p&gt;",
  "title": "Subpágina dos"
}</content>
  <iscustomizable>1</iscustomizable>
  <name>Ver Documentos</name>
  <powerpagecomponenttype>2</powerpagecomponenttype>
  <powerpagesiteid>
    <powerpagesiteid>19779ae1-a185-4d9a-b1d3-74aa6f53866a</powerpagesiteid>
  </powerpagesiteid>
  <powerpagesitelanguageid>
    <powerpagesitelanguageid>0f35dd7c-a509-4f24-802c-16d938adb0cb</powerpagesitelanguageid>
  </powerpagesitelanguageid>
  <searchcontent>Subpágina dos&lt;div class="row sectionBlockLayout text-start" style="display: flex; flex-wrap: wrap; margin: 0px; min-height: auto; padding: 8px;"&gt;
  &lt;div class="container" style="padding: 0px; display: flex; flex-wrap: wrap; column-gap: 0px;"&gt;
    &lt;div class="col-lg-6 columnBlockLayout" style="flex-grow: 1; display: flex; flex-direction: column; min-width: 250px; word-break: break-word; margin: 0px; padding: 0px; width: calc(50% - 0px);"&gt;&lt;button onclick="window.location.href='/'" type="button" value="/" class="button1" style="margin-left: auto; margin-right: auto;"&gt;Volver&lt;/button&gt;&lt;/div&gt;
    &lt;div class="col-lg-6 columnBlockLayout" style="flex-grow: 1; display: flex; flex-direction: column; min-width: 250px; word-break: break-word; margin: 0px; padding: 0px; width: calc(50% - 0px);"&gt;&lt;button onclick="window.location.href='/DBSQL/SubirSharepoint'" type="button" value="SubirSharepoint" class="button1" style="margin-left: auto; margin-right: auto;"&gt;Subir Archivos&lt;/button&gt;&lt;/div&gt;
  &lt;/div&gt;
&lt;/div&gt;
&lt;div class="row sectionBlockLayout text-start" style="display: flex; flex-wrap: wrap; margin: 0px; min-height: auto; padding: 8px;"&gt;
  &lt;div class="container" style="padding: 0px; display: flex; flex-wrap: wrap; column-gap: 6px;"&gt;
    &lt;div class="col-lg-12 columnBlockLayout" style="flex-grow: 1; display: flex; flex-direction: column; min-width: 250px; word-break: break-word; margin: 5px 0px; padding: 16px; width: calc(100% - 0px);"&gt;&lt;iframe frameborder="0" src="https://apps.powerapps.com/play/e/4ba207e9-36c7-ebb9-9b2f-1d05fddb69e9/a/cae63494-2fe9-49ec-a6da-e6aae7cb1ead?tenantId=d7d0db8e-b4f5-4a13-b249-eac8daeb1f06&amp;amp;hint=74fc9787-751e-473c-9224-f2c9fb95abf9&amp;amp;sourcetime=1701890260200" style="width: 137.97%; height: 385px; max-width: 100%; margin-left: auto; margin-right: auto;"&gt;&lt;/iframe&gt;&lt;/div&gt;
  &lt;/div&gt;
&lt;/div&gt;
Ver Documentos</searchcontent>
  <statecode>0</statecode>
  <statuscode>1</statuscode>
</powerpagecomponent>