<powerpagecomponent powerpagecomponentid="b2eac2cc-c340-46b2-9918-0dbe5f2cf639">
  <content>{
  "description": "",
  "disablepagevalidation": false,
  "displayimageonly": false,
  "displayorder": 1,
  "displaypagechildlinks": false,
  "openinnewwindow": false,
  "pageid": "2a6443c4-2a6c-4e60-b5e1-052e55ed6880",
  "publishingstateid": "02fae408-0b59-4e83-b136-9c1042c8eabc",
  "robotsfollowlink": true,
  "weblinksetid": "552bb2b0-a548-4ae7-9a68-9e272b38ea37"
}</content>
  <iscustomizable>1</iscustomizable>
  <name>Inicio</name>
  <powerpagecomponenttype>5</powerpagecomponenttype>
  <powerpagesiteid>
    <powerpagesiteid>19779ae1-a185-4d9a-b1d3-74aa6f53866a</powerpagesiteid>
  </powerpagesiteid>
  <statecode>0</statecode>
  <statuscode>1</statuscode>
</powerpagecomponent>