<powerpagecomponent powerpagecomponentid="faed0425-523d-4458-8721-9f2584f1032c">
  <content>{"description":"Configuración del sitio que controla la profundidad de la jerarquía de la página web que se clona en un idioma compatible recién agregado. Los conjuntos de vínculos web y fragmentos de contenido se clonarán en el idioma recién agregado cuando se clonen las páginas web.","value":"3"}</content>
  <iscustomizable>1</iscustomizable>
  <name>MultiLanguage/MaximumDepthToClone</name>
  <powerpagecomponenttype>9</powerpagecomponenttype>
  <powerpagesiteid>
    <powerpagesiteid>19779ae1-a185-4d9a-b1d3-74aa6f53866a</powerpagesiteid>
  </powerpagesiteid>
  <statecode>0</statecode>
  <statuscode>1</statuscode>
</powerpagecomponent>