<powerpagecomponent powerpagecomponentid="0798c8a5-3cf8-4583-9371-73842fe1717f">
  <content>{"status":"enable","selectedThemeId":"e4b7a39b-a92e-4755-9507-c5383356fb2c","siteSettingId":"0798c8a5-3cf8-4583-9371-73842fe1717f","version":"V2"}</content>
  <iscustomizable>1</iscustomizable>
  <name>ThemeFeature</name>
  <powerpagecomponenttype>9</powerpagecomponenttype>
  <powerpagesiteid>
    <powerpagesiteid>ca28c41b-2827-4acc-a474-8cb2f8593ce4</powerpagesiteid>
  </powerpagesiteid>
  <statecode>0</statecode>
  <statuscode>1</statuscode>
</powerpagecomponent>