<powerpagecomponent powerpagecomponentid="76219868-dfec-47ca-808d-6db0c359ec2e">
  <content>{"source":"&lt;ul class='dropdown-menu' role='menu'&gt;\r\n  {% assign ordered_languages = page.languages | order_by: 'name' %}\r\n  {% for language in ordered_languages %}\r\n    &lt;li role='menuitem'&gt;\r\n      &lt;a class=\"dropdown-item\"  href='/{{ language.url_substitution }}' title='{{ language.name }}' data-code='{{ language.code }}'&gt;{{ language.name }}&lt;/a&gt;\r\n    &lt;/li&gt;\r\n  {% endfor %}\r\n&lt;/ul&gt;\r\n\r\n"}</content>
  <iscustomizable>1</iscustomizable>
  <name>Languages Dropdown</name>
  <powerpagecomponenttype>8</powerpagecomponenttype>
  <powerpagesiteid>
    <powerpagesiteid>19779ae1-a185-4d9a-b1d3-74aa6f53866a</powerpagesiteid>
  </powerpagesiteid>
  <statecode>0</statecode>
  <statuscode>1</statuscode>
</powerpagecomponent>