<powerpagecomponent powerpagecomponentid="cad56754-11ac-43e6-8985-7e65c50c107f">
  <content>{"createdOn":"2024-01-02T15:58:52.616Z","parentpageid":"2a6443c4-2a6c-4e60-b5e1-052e55ed6880","publishingstateid":"02fae408-0b59-4e83-b136-9c1042c8eabc","partialurl":"PWAManifest.json","enabletracking":false,"excludefromsearch":false,"hiddenfromsitemap":false}</content>
  <filecontent mimetype="application/json">PWAManifest.json</filecontent>
  <iscustomizable>1</iscustomizable>
  <name>PWAManifest.json</name>
  <powerpagecomponenttype>3</powerpagecomponenttype>
  <powerpagesiteid>
    <powerpagesiteid>19779ae1-a185-4d9a-b1d3-74aa6f53866a</powerpagesiteid>
  </powerpagesiteid>
  <statecode>0</statecode>
  <statuscode>1</statuscode>
</powerpagecomponent>