<powerpagecomponent powerpagecomponentid="2721b2d5-f422-4eed-9f35-1ee5f6924b8d">
  <content>{"description":"","disablepagevalidation":false,"displayimageonly":false,"displayorder":1,"displaypagechildlinks":false,"openinnewwindow":false,"pageid":"5a126522-c847-428c-bbda-5f516415d3f0","publishingstateid":"4161d48c-0abf-4171-8c38-f29d0d0e7f14","robotsfollowlink":true,"weblinksetid":"865857d1-a57c-4916-bd98-c1a93dcebd40"}</content>
  <iscustomizable>1</iscustomizable>
  <name>Perfil</name>
  <powerpagecomponenttype>5</powerpagecomponenttype>
  <powerpagesiteid>
    <powerpagesiteid>ca28c41b-2827-4acc-a474-8cb2f8593ce4</powerpagesiteid>
  </powerpagesiteid>
  <statecode>0</statecode>
  <statuscode>1</statuscode>
</powerpagecomponent>