<powerpagecomponent powerpagecomponentid="8a0978b5-cb79-4659-b724-909a5b9c349b">
  <content>{
  "description": "",
  "disablepagevalidation": false,
  "displayimageonly": false,
  "displayorder": 2,
  "displaypagechildlinks": false,
  "openinnewwindow": false,
  "pageid": "11aacbb8-e343-484a-bdb0-4bd128c13472",
  "publishingstateid": "02fae408-0b59-4e83-b136-9c1042c8eabc",
  "robotsfollowlink": true,
  "weblinksetid": "552bb2b0-a548-4ae7-9a68-9e272b38ea37"
}</content>
  <iscustomizable>1</iscustomizable>
  <name>Documentos SQL</name>
  <powerpagecomponenttype>5</powerpagecomponenttype>
  <powerpagesiteid>
    <powerpagesiteid>19779ae1-a185-4d9a-b1d3-74aa6f53866a</powerpagesiteid>
  </powerpagesiteid>
  <statecode>1</statecode>
  <statuscode>2</statuscode>
</powerpagecomponent>