<powerpagecomponent powerpagecomponentid="b052ca7e-67bd-56b6-12b8-33daa271b502">
  <content>{
  "displayorder": 4,
  "weblinksetid": "552bb2b0-a548-4ae7-9a68-9e272b38ea37",
  "pageid": "e19cd9c1-623c-c9e8-fe97-ff5911fb5108",
  "publishingstateid": "02fae408-0b59-4e83-b136-9c1042c8eabc",
  "displaypagevalidation": false,
  "displayimageonly": false,
  "displaypagechildlinks": false,
  "openinnewwindow": false,
  "robotsfollowlink": true
}</content>
  <iscustomizable>1</iscustomizable>
  <name>Busqueda Sugerida</name>
  <powerpagecomponenttype>5</powerpagecomponenttype>
  <powerpagesiteid>
    <powerpagesiteid>19779ae1-a185-4d9a-b1d3-74aa6f53866a</powerpagesiteid>
  </powerpagesiteid>
  <statecode>1</statecode>
  <statuscode>2</statuscode>
</powerpagecomponent>