<powerpagecomponent powerpagecomponentid="506a4849-1083-402a-a3ec-f7ab5676c58f">
  <content>{
  "copy": "&lt;div class=\"row sectionBlockLayout text-left\" style=\"display: flex; flex-wrap: wrap; min-height: 361px; padding: 8px; margin: 0px;\"&gt;\n  &lt;div class=\"container\" style=\"display: flex; flex-wrap: wrap;\"&gt;\n    &lt;div class=\"col-md-12 columnBlockLayout\" style=\"word-break: break-word; flex-grow: 1; min-width: 300px; display: flex; flex-direction: column;\"&gt;&lt;iframe frameborder=\"0\" src=\"https://apps.powerapps.com/play/e/4ba207e9-36c7-ebb9-9b2f-1d05fddb69e9/a/b0134401-6089-4e00-aa19-45058277288b?tenantId=d7d0db8e-b4f5-4a13-b249-eac8daeb1f06&amp;amp;hint=94fc9fc6-560c-49e8-9d53-53f1aaa3138f&amp;amp;sourcetime=1701097347010\" style=\"width: 100.76%; height: 716px; max-width: 100%; margin-left: auto; margin-right: auto;\"&gt;&lt;/iframe&gt;&lt;/div&gt;\n  &lt;/div&gt;\n&lt;/div&gt;\n",
  "displayorder": 1,
  "enablerating": false,
  "enabletracking": false,
  "excludefromsearch": false,
  "feedbackpolicy": 756150000,
  "hiddenfromsitemap": false,
  "isroot": false,
  "pagetemplateid": "2425c60e-14d4-4377-9053-410888acb392",
  "parentpageid": "92cc3162-55cf-4cfb-95fa-fc16d1db58c2",
  "partialurl": "Subpage-one",
  "publishingstateid": "4161d48c-0abf-4171-8c38-f29d0d0e7f14",
  "rootwebpageid": "3e2be5f6-112b-478e-92a0-9aaccc5160cd",
  "sharedpageconfiguration": true,
  "summary": "&lt;p&gt;Esta es una página de aterrizaje de ejemplo diseñada como punto de partida para su sitio web&lt;/p&gt;",
  "title": "Subpágina uno"
}</content>
  <iscustomizable>1</iscustomizable>
  <name>Subir Archivos</name>
  <powerpagecomponenttype>2</powerpagecomponenttype>
  <powerpagesiteid>
    <powerpagesiteid>ca28c41b-2827-4acc-a474-8cb2f8593ce4</powerpagesiteid>
  </powerpagesiteid>
  <powerpagesitelanguageid>
    <powerpagesitelanguageid>8fb0612c-5a13-4dcb-8031-0d8874c88351</powerpagesitelanguageid>
  </powerpagesitelanguageid>
  <searchcontent>Subpágina uno&lt;div class="row sectionBlockLayout text-left" style="display: flex; flex-wrap: wrap; min-height: 361px; padding: 8px; margin: 0px;"&gt;
  &lt;div class="container" style="display: flex; flex-wrap: wrap;"&gt;
    &lt;div class="col-md-12 columnBlockLayout" style="word-break: break-word; flex-grow: 1; min-width: 300px; display: flex; flex-direction: column;"&gt;&lt;iframe frameborder="0" src="https://apps.powerapps.com/play/e/4ba207e9-36c7-ebb9-9b2f-1d05fddb69e9/a/b0134401-6089-4e00-aa19-45058277288b?tenantId=d7d0db8e-b4f5-4a13-b249-eac8daeb1f06&amp;amp;hint=94fc9fc6-560c-49e8-9d53-53f1aaa3138f&amp;amp;sourcetime=1701097347010" style="width: 100.76%; height: 716px; max-width: 100%; margin-left: auto; margin-right: auto;"&gt;&lt;/iframe&gt;&lt;/div&gt;
  &lt;/div&gt;
&lt;/div&gt;
Subir Archivos</searchcontent>
  <statecode>0</statecode>
  <statuscode>1</statuscode>
</powerpagecomponent>