<powerpagecomponent powerpagecomponentid="5c0d0e7b-a044-43bd-934a-0e9b20f066fb">
  <content>{"createdOn":"2023-11-29T21:54:52.925Z","parentpageid":"2a6443c4-2a6c-4e60-b5e1-052e55ed6880","publishingstateid":"02fae408-0b59-4e83-b136-9c1042c8eabc","partialurl":"sql-database-sql-azure-logo.png","title":"","summary":"","enabletracking":false,"excludefromsearch":false,"hiddenfromsitemap":false}</content>
  <filecontent mimetype="image/png">sql-database-sql-azure-logo.png</filecontent>
  <iscustomizable>1</iscustomizable>
  <name>sql-database-sql-azure-logo.png</name>
  <powerpagecomponenttype>3</powerpagecomponenttype>
  <powerpagesiteid>
    <powerpagesiteid>19779ae1-a185-4d9a-b1d3-74aa6f53866a</powerpagesiteid>
  </powerpagesiteid>
  <statecode>0</statecode>
  <statuscode>1</statuscode>
</powerpagecomponent>